X,Y,Z,TMI_nT,Std_nT
509.00000,42958.00000,40.00000,42.90000,5.85800
504.00000,42858.00000,40.00000,88.32000,6.76640
499.30000,42758.00000,40.00000,86.11000,6.72220
498.10000,42658.00000,40.00000,56.31000,6.12620
498.60000,42558.00000,40.00000,21.71000,5.43420
500.80000,42458.00000,40.00000,5.00000,5.10000
503.00000,42358.00000,40.00000,5.56000,5.11120
505.20000,42258.00000,40.00000,2.07000,5.04140
508.00000,42158.00000,40.00000,0.20000,5.00400
510.90000,42058.00000,40.00000,-0.09000,5.00180
514.80000,41958.00000,40.00000,-0.43000,5.00860
517.00000,41858.00000,40.00000,-3.99000,5.07980
517.00000,41758.00000,40.00000,-7.40000,5.14800
516.00000,41658.00000,40.00000,-10.03000,5.20060
514.80000,41558.00000,40.00000,-11.79000,5.23580
511.10000,41458.00000,40.00000,-12.08000,5.24160
507.30000,41358.00000,40.00000,-10.47000,5.20940
505.10000,41258.00000,40.00000,-1.39000,5.02780
503.00000,41159.00000,40.00000,8.58000,5.17160
503.00000,41059.00000,40.00000,4.46000,5.08920
500.80000,40959.00000,40.00000,90.64000,6.81280
498.50000,40859.00000,40.00000,196.33000,8.92660
497.20000,40759.00000,40.00000,269.79000,10.39580
496.60000,40659.00000,40.00000,324.00000,11.48000
496.70000,40559.00000,40.00000,372.46000,12.44920
497.30000,40459.00000,40.00000,428.64000,13.57280
498.30000,40359.00000,40.00000,506.04000,15.12080
499.60000,40259.00000,40.00000,618.15000,17.36300
501.20000,40159.00000,40.00000,782.43000,20.64860
504.60000,40059.00000,40.00000,997.45000,24.94900
564.00000,40041.00000,40.00000,1058.20000,26.16400
564.80000,40141.00000,40.00000,916.06000,23.32120
568.50000,40241.00000,40.00000,708.36000,19.16720
573.50000,40341.00000,40.00000,514.91000,15.29820
578.70000,40440.00000,40.00000,353.90000,12.07800
579.00000,40540.00000,40.00000,224.98000,9.49960
579.00000,40640.00000,40.00000,146.29000,7.92580
579.40000,40740.00000,40.00000,92.25000,6.84500
581.50000,40840.00000,40.00000,56.73000,6.13460
583.50000,40940.00000,40.00000,40.04000,5.80080
589.30000,41040.00000,40.00000,37.83000,5.75660
597.00000,41140.00000,40.00000,16.80000,5.33600
607.60000,41239.00000,40.00000,14.11000,5.28220
619.00000,41339.00000,40.00000,1.79000,5.03580
628.00000,41438.00000,40.00000,-3.74000,5.07480
632.60000,41538.00000,40.00000,-7.05000,5.14100
634.00000,41638.00000,40.00000,-6.29000,5.12580
631.90000,41738.00000,40.00000,-6.25000,5.12500
630.50000,41838.00000,40.00000,-4.81000,5.09620
626.10000,41938.00000,40.00000,-2.62000,5.05240
620.30000,42038.00000,40.00000,0.39000,5.00780
615.40000,42138.00000,40.00000,-1.54000,5.03080
611.80000,42238.00000,40.00000,-0.04000,5.00080
608.90000,42337.00000,40.00000,3.70000,5.07400
606.10000,42437.00000,40.00000,8.86000,5.17720
603.60000,42537.00000,40.00000,18.64000,5.37280
598.10000,42637.00000,40.00000,31.94000,5.63880
590.90000,42737.00000,40.00000,77.24000,6.54480
585.70000,42837.00000,40.00000,146.95000,7.93900
581.70000,42937.00000,40.00000,150.93000,8.01860
651.00000,42958.00000,40.00000,80.90000,6.61800
654.90000,42858.00000,40.00000,114.99000,7.29980
662.50000,42758.00000,40.00000,87.14000,6.74280
671.60000,42659.00000,40.00000,45.74000,5.91480
679.10000,42559.00000,40.00000,28.57000,5.57140
686.50000,42459.00000,40.00000,12.97000,5.25940
693.00000,42359.00000,40.00000,6.72000,5.13440
699.30000,42260.00000,40.00000,2.12000,5.04240
702.80000,42160.00000,40.00000,-0.69000,5.01380
704.30000,42060.00000,40.00000,-1.64000,5.03280
706.00000,41960.00000,40.00000,-3.70000,5.07400
708.50000,41860.00000,40.00000,-2.74000,5.05480
711.00000,41760.00000,40.00000,-3.01000,5.06020
715.20000,41660.00000,40.00000,-2.73000,5.05460
720.00000,41560.00000,40.00000,-1.78000,5.03560
723.10000,41460.00000,40.00000,0.96000,5.01920
719.90000,41360.00000,40.00000,6.32000,5.12640
714.20000,41260.00000,40.00000,15.08000,5.30160
709.50000,41160.00000,40.00000,28.39000,5.56780
704.00000,41061.00000,40.00000,40.44000,5.80880
703.00000,40961.00000,40.00000,56.49000,6.12980
704.60000,40861.00000,40.00000,79.95000,6.59900
703.10000,40761.00000,40.00000,112.00000,7.24000
698.50000,40661.00000,40.00000,163.12000,8.26240
696.00000,40561.00000,40.00000,238.73000,9.77460
696.00000,40461.00000,40.00000,339.21000,11.78420
697.00000,40361.00000,40.00000,478.75000,14.57500
697.90000,40261.00000,40.00000,655.24000,18.10480
699.90000,40161.00000,40.00000,834.65000,21.69300
702.30000,40061.00000,40.00000,976.05000,24.52100
759.00000,40029.00000,40.00000,961.60000,24.23200
760.90000,40129.00000,40.00000,890.86000,22.81720
767.00000,40228.00000,40.00000,749.95000,19.99900
777.50000,40328.00000,40.00000,590.48000,16.80960
791.30000,40427.00000,40.00000,444.15000,13.88300
803.30000,40526.00000,40.00000,335.66000,11.71320
811.10000,40626.00000,40.00000,245.36000,9.90720
813.00000,40725.00000,40.00000,176.89000,8.53780
809.80000,40825.00000,40.00000,125.54000,7.51080
803.20000,40925.00000,40.00000,90.31000,6.80620
796.10000,41025.00000,40.00000,61.26000,6.22520
791.30000,41125.00000,40.00000,42.45000,5.84900
791.00000,41225.00000,40.00000,25.96000,5.51920
794.90000,41325.00000,40.00000,13.71000,5.27420
802.50000,41424.00000,40.00000,6.27000,5.12540
810.40000,41524.00000,40.00000,3.27000,5.06540
815.50000,41624.00000,40.00000,2.24000,5.04480
817.20000,41724.00000,40.00000,0.07000,5.00140
819.10000,41824.00000,40.00000,-0.48000,5.00960
822.00000,41924.00000,40.00000,-1.37000,5.02740
824.00000,42024.00000,40.00000,-2.20000,5.04400
824.10000,42124.00000,40.00000,-0.09000,5.00180
820.60000,42224.00000,40.00000,3.44000,5.06880
813.30000,42323.00000,40.00000,6.45000,5.12900
804.30000,42423.00000,40.00000,8.53000,5.17060
798.60000,42523.00000,40.00000,8.16000,5.16320
797.00000,42623.00000,40.00000,2.17000,5.04340
796.10000,42723.00000,40.00000,5.79000,5.11580
792.00000,42823.00000,40.00000,47.02000,5.94040
789.90000,42923.00000,40.00000,70.88000,6.41760
890.00000,42969.00000,40.00000,78.30000,6.56600
889.00000,42869.00000,40.00000,61.20000,6.22400
889.00000,42769.00000,40.00000,24.66000,5.49320
891.00000,42669.00000,40.00000,20.77000,5.41540
891.50000,42569.00000,40.00000,-8.79000,5.17580
891.00000,42469.00000,40.00000,4.19000,5.08380
891.00000,42369.00000,40.00000,5.47000,5.10940
892.60000,42269.00000,40.00000,6.07000,5.12140
898.30000,42169.00000,40.00000,4.39000,5.08780
904.10000,42069.00000,40.00000,1.63000,5.03260
910.10000,41969.00000,40.00000,-0.39000,5.00780
916.80000,41870.00000,40.00000,2.98000,5.05960
921.60000,41770.00000,40.00000,2.32000,5.04640
923.00000,41670.00000,40.00000,2.49000,5.04980
923.00000,41570.00000,40.00000,4.27000,5.08540
922.60000,41470.00000,40.00000,9.02000,5.18040
920.30000,41370.00000,40.00000,18.49000,5.36980
916.00000,41270.00000,40.00000,27.59000,5.55180
908.70000,41170.00000,40.00000,44.04000,5.88080
901.70000,41070.00000,40.00000,65.13000,6.30260
898.10000,40970.00000,40.00000,92.54000,6.85080
896.00000,40871.00000,40.00000,126.71000,7.53420
895.30000,40771.00000,40.00000,169.15000,8.38300
897.00000,40671.00000,40.00000,228.12000,9.56240
892.80000,40571.00000,40.00000,298.76000,10.97520
887.50000,40471.00000,40.00000,386.33000,12.72660
882.30000,40371.00000,40.00000,497.55000,14.95100
880.60000,40271.00000,40.00000,617.16000,17.34320
884.00000,40171.00000,40.00000,707.31000,19.14620
891.20000,40071.00000,40.00000,748.55000,19.97100
992.00000,40028.00000,40.00000,675.90000,18.51800
994.00000,40128.00000,40.00000,641.42000,17.82840
996.20000,40228.00000,40.00000,617.16000,17.34320
999.60000,40328.00000,40.00000,556.56000,16.13120
1004.50000,40427.00000,40.00000,477.71000,14.55420
1009.50000,40527.00000,40.00000,397.19000,12.94380
1016.10000,40627.00000,40.00000,318.22000,11.36440
1023.00000,40727.00000,40.00000,251.62000,10.03240
1025.00000,40827.00000,40.00000,195.02000,8.90040
1023.70000,40927.00000,40.00000,148.76000,7.97520
1022.00000,41027.00000,40.00000,106.04000,7.12080
1018.60000,41127.00000,40.00000,71.80000,6.43600
1014.60000,41227.00000,40.00000,50.58000,6.01160
1010.60000,41327.00000,40.00000,28.96000,5.57920
1004.00000,41426.00000,40.00000,17.74000,5.35480
999.10000,41526.00000,40.00000,10.65000,5.21300
998.00000,41626.00000,40.00000,6.26000,5.12520
996.60000,41726.00000,40.00000,2.71000,5.05420
996.00000,41826.00000,40.00000,2.89000,5.05780
996.00000,41926.00000,40.00000,1.41000,5.02820
994.30000,42026.00000,40.00000,1.81000,5.03620
991.80000,42126.00000,40.00000,3.34000,5.06680
991.00000,42226.00000,40.00000,6.05000,5.12100
991.90000,42326.00000,40.00000,7.78000,5.15560
994.60000,42426.00000,40.00000,8.43000,5.16860
997.30000,42526.00000,40.00000,12.51000,5.25020
1000.00000,42626.00000,40.00000,31.38000,5.62760
1004.50000,42726.00000,40.00000,21.45000,5.42900
1008.50000,42826.00000,40.00000,31.16000,5.62320
1011.50000,42926.00000,40.00000,73.95000,6.47900
1109.00000,42963.00000,40.00000,56.30000,6.12600
1108.70000,42863.00000,40.00000,37.54000,5.75080
1108.00000,42763.00000,40.00000,27.62000,5.55240
1108.00000,42663.00000,40.00000,13.83000,5.27660
1108.90000,42563.00000,40.00000,11.79000,5.23580
1110.00000,42463.00000,40.00000,9.60000,5.19200
1111.00000,42363.00000,40.00000,8.86000,5.17720
1111.00000,42263.00000,40.00000,6.69000,5.13380
1111.00000,42163.00000,40.00000,6.07000,5.12140
1109.40000,42063.00000,40.00000,5.19000,5.10380
1107.10000,41963.00000,40.00000,5.05000,5.10100
1104.00000,41863.00000,40.00000,4.11000,5.08220
1100.50000,41763.00000,40.00000,6.42000,5.12840
1097.10000,41663.00000,40.00000,9.24000,5.18480
1092.70000,41563.00000,40.00000,13.52000,5.27040
1089.10000,41463.00000,40.00000,20.93000,5.41860
1086.90000,41363.00000,40.00000,43.65000,5.87300
1086.10000,41263.00000,40.00000,90.35000,6.80700
1089.80000,41163.00000,40.00000,72.85000,6.45700
1093.60000,41063.00000,40.00000,96.41000,6.92820
1095.00000,40963.00000,40.00000,138.25000,7.76500
1097.60000,40863.00000,40.00000,184.91000,8.69820
1102.50000,40764.00000,40.00000,237.75000,9.75500
1104.80000,40664.00000,40.00000,300.73000,11.01460
1108.10000,40564.00000,40.00000,372.42000,12.44840
1110.50000,40464.00000,40.00000,441.66000,13.83320
1112.60000,40364.00000,40.00000,507.09000,15.14180
1114.00000,40264.00000,40.00000,544.61000,15.89220
1114.00000,40164.00000,40.00000,565.30000,16.30600
1115.30000,40064.00000,40.00000,608.11000,17.16220
1181.00000,40026.00000,40.00000,605.30000,17.10600
1184.20000,40126.00000,40.00000,583.35000,16.66700
1190.10000,40226.00000,40.00000,528.54000,15.57080
1197.40000,40325.00000,40.00000,506.89000,15.13780
1204.30000,40425.00000,40.00000,477.41000,14.54820
1212.70000,40525.00000,40.00000,425.50000,13.51000
1219.00000,40624.00000,40.00000,366.67000,12.33340
1217.60000,40724.00000,40.00000,306.28000,11.12560
1214.30000,40824.00000,40.00000,244.61000,9.89220
1209.00000,40924.00000,40.00000,190.76000,8.81520
1202.80000,41024.00000,40.00000,144.88000,7.89760
1198.50000,41124.00000,40.00000,105.10000,7.10200
1194.40000,41224.00000,40.00000,84.61000,6.69220
1191.90000,41324.00000,40.00000,320.03000,11.40060
1193.50000,41424.00000,40.00000,100.95000,7.01900
1199.00000,41524.00000,40.00000,29.85000,5.59700
1203.30000,41623.00000,40.00000,13.88000,5.27760
1207.00000,41723.00000,40.00000,11.82000,5.23640
1211.80000,41823.00000,40.00000,7.75000,5.15500
1214.60000,41923.00000,40.00000,7.04000,5.14080
1217.40000,42023.00000,40.00000,10.43000,5.20860
1221.10000,42123.00000,40.00000,7.06000,5.14120
1225.80000,42223.00000,40.00000,5.66000,5.11320
1229.50000,42323.00000,40.00000,7.50000,5.15000
1231.30000,42423.00000,40.00000,11.52000,5.23040
1232.00000,42523.00000,40.00000,12.05000,5.24100
1232.00000,42623.00000,40.00000,9.98000,5.19960
1230.40000,42723.00000,40.00000,12.30000,5.24600
1225.50000,42823.00000,40.00000,17.25000,5.34500
1217.50000,42922.00000,40.00000,23.12000,5.46240
1308.00000,42970.00000,40.00000,23.80000,5.47600
1311.50000,42870.00000,40.00000,2.46000,5.04920
1314.40000,42770.00000,40.00000,4.24000,5.08480
1315.00000,42670.00000,40.00000,7.93000,5.15860
1314.10000,42570.00000,40.00000,7.88000,5.15760
1311.40000,42470.00000,40.00000,10.20000,5.20400
1307.60000,42370.00000,40.00000,9.95000,5.19900
1302.30000,42270.00000,40.00000,7.28000,5.14560
1297.30000,42170.00000,40.00000,7.70000,5.15400
1292.50000,42070.00000,40.00000,11.51000,5.23020
1287.60000,41970.00000,40.00000,11.46000,5.22920
1283.00000,41871.00000,40.00000,9.87000,5.19740
1279.10000,41771.00000,40.00000,11.40000,5.22800
1276.90000,41671.00000,40.00000,16.71000,5.33420
1276.70000,41571.00000,40.00000,25.00000,5.50000
1276.00000,41471.00000,40.00000,67.23000,6.34460
1277.00000,41371.00000,40.00000,212.21000,9.24420
1280.40000,41271.00000,40.00000,232.04000,9.64080
1285.00000,41171.00000,40.00000,102.90000,7.05800
1290.80000,41071.00000,40.00000,131.61000,7.63220
1295.80000,40971.00000,40.00000,172.62000,8.45240
1301.10000,40871.00000,40.00000,223.00000,9.46000
1305.50000,40771.00000,40.00000,279.96000,10.59920
1310.90000,40672.00000,40.00000,336.86000,11.73720
1315.20000,40572.00000,40.00000,394.29000,12.88580
1316.80000,40472.00000,40.00000,434.22000,13.68440
1315.50000,40372.00000,40.00000,465.28000,14.30560
1312.20000,40272.00000,40.00000,477.71000,14.55420
1307.80000,40172.00000,40.00000,507.05000,15.14100
1305.60000,40072.00000,40.00000,527.75000,15.55500
1378.00000,40047.00000,40.00000,465.30000,14.30600
1383.50000,40147.00000,40.00000,461.48000,14.22960
1391.10000,40246.00000,40.00000,440.09000,13.80180
1399.20000,40346.00000,40.00000,437.60000,13.75200
1403.30000,40446.00000,40.00000,433.88000,13.67760
1405.00000,40546.00000,40.00000,413.53000,13.27060
1405.00000,40646.00000,40.00000,375.65000,12.51300
1404.00000,40746.00000,40.00000,323.69000,11.47380
1402.70000,40846.00000,40.00000,264.23000,10.28460
1399.70000,40946.00000,40.00000,213.35000,9.26700
1396.90000,41046.00000,40.00000,169.86000,8.39720
1396.00000,41146.00000,40.00000,132.23000,7.64460
1395.00000,41246.00000,40.00000,101.79000,7.03580
1396.80000,41346.00000,40.00000,225.45000,9.50900
1398.00000,41446.00000,40.00000,78.16000,6.56320
1397.00000,41546.00000,40.00000,39.90000,5.79800
1394.60000,41646.00000,40.00000,27.22000,5.54440
1392.80000,41746.00000,40.00000,21.09000,5.42180
1390.10000,41846.00000,40.00000,15.36000,5.30720
1387.40000,41945.00000,40.00000,12.54000,5.25080
1384.60000,42045.00000,40.00000,10.34000,5.20680
1384.00000,42145.00000,40.00000,10.88000,5.21760
1385.00000,42245.00000,40.00000,9.18000,5.18360
1387.70000,42345.00000,40.00000,9.31000,5.18620
1391.60000,42445.00000,40.00000,9.77000,5.19540
1395.50000,42545.00000,40.00000,9.21000,5.18420
1399.00000,42645.00000,40.00000,10.14000,5.20280
1401.00000,42745.00000,40.00000,7.49000,5.14980
1403.90000,42845.00000,40.00000,12.91000,5.25820
1404.00000,42945.00000,40.00000,18.36000,5.36720
1502.00000,42967.00000,40.00000,18.70000,5.37400
1504.60000,42867.00000,40.00000,15.15000,5.30300
1506.20000,42767.00000,40.00000,11.23000,5.22460
1507.80000,42667.00000,40.00000,10.96000,5.21920
1510.50000,42567.00000,40.00000,11.51000,5.23020
1513.00000,42467.00000,40.00000,9.56000,5.19120
1515.00000,42367.00000,40.00000,11.50000,5.23000
1515.90000,42267.00000,40.00000,12.52000,5.25040
1513.50000,42167.00000,40.00000,13.68000,5.27360
1510.50000,42067.00000,40.00000,16.48000,5.32960
1505.80000,41967.00000,40.00000,20.67000,5.41340
1498.90000,41867.00000,40.00000,24.87000,5.49740
1492.50000,41768.00000,40.00000,27.76000,5.55520
1490.00000,41668.00000,40.00000,31.89000,5.63780
1487.80000,41568.00000,40.00000,40.34000,5.80680
1485.50000,41468.00000,40.00000,52.65000,6.05300
1484.00000,41368.00000,40.00000,134.54000,7.69080
1485.20000,41268.00000,40.00000,105.92000,7.11840
1488.80000,41168.00000,40.00000,131.78000,7.63560
1493.80000,41068.00000,40.00000,165.02000,8.30040
1497.10000,40968.00000,40.00000,207.19000,9.14380
1501.30000,40868.00000,40.00000,250.56000,10.01120
1504.70000,40768.00000,40.00000,298.99000,10.97980
1508.00000,40668.00000,40.00000,342.24000,11.84480
1511.40000,40568.00000,40.00000,375.32000,12.50640
1515.00000,40468.00000,40.00000,395.18000,12.90360
1516.90000,40368.00000,40.00000,397.33000,12.94660
1517.00000,40268.00000,40.00000,377.27000,12.54540
1517.30000,40168.00000,40.00000,359.41000,12.18820
1519.70000,40068.00000,40.00000,394.37000,12.88740
1575.00000,40053.00000,40.00000,333.60000,11.67200
1581.30000,40153.00000,40.00000,349.66000,11.99320
1588.50000,40252.00000,40.00000,329.97000,11.59940
1595.90000,40352.00000,40.00000,350.98000,12.01960
1600.60000,40452.00000,40.00000,365.31000,12.30620
1602.40000,40552.00000,40.00000,366.93000,12.33860
1605.50000,40652.00000,40.00000,348.83000,11.97660
1609.60000,40752.00000,40.00000,316.97000,11.33940
1612.00000,40852.00000,40.00000,279.20000,10.58400
1611.60000,40952.00000,40.00000,239.14000,9.78280
1609.60000,41052.00000,40.00000,200.21000,9.00420
1606.80000,41152.00000,40.00000,163.46000,8.26920
1602.80000,41252.00000,40.00000,127.02000,7.54040
1598.20000,41351.00000,40.00000,106.26000,7.12520
1594.60000,41451.00000,40.00000,185.77000,8.71540
1591.60000,41551.00000,40.00000,81.41000,6.62820
1590.00000,41651.00000,40.00000,48.20000,5.96400
1589.90000,41751.00000,40.00000,37.64000,5.75280
1592.70000,41851.00000,40.00000,34.38000,5.68760
1597.30000,41951.00000,40.00000,27.06000,5.54120
1601.60000,42051.00000,40.00000,21.90000,5.43800
1606.50000,42151.00000,40.00000,16.96000,5.33920
1610.00000,42251.00000,40.00000,14.43000,5.28860
1612.10000,42351.00000,40.00000,11.18000,5.22360
1610.60000,42451.00000,40.00000,8.84000,5.17680
1606.90000,42551.00000,40.00000,10.68000,5.21360
1604.10000,42651.00000,40.00000,11.43000,5.22860
1601.50000,42751.00000,40.00000,10.68000,5.21360
1600.00000,42851.00000,40.00000,11.84000,5.23680
1599.70000,42951.00000,40.00000,3.77000,5.07540
1712.00000,42967.00000,40.00000,14.20000,5.28400
1709.30000,42867.00000,40.00000,13.16000,5.26320
1706.90000,42767.00000,40.00000,12.35000,5.24700
1705.00000,42667.00000,40.00000,12.09000,5.24180
1704.50000,42567.00000,40.00000,11.05000,5.22100
1704.00000,42467.00000,40.00000,10.08000,5.20160
1704.00000,42367.00000,40.00000,11.49000,5.22980
1703.00000,42267.00000,40.00000,14.37000,5.28740
1703.00000,42167.00000,40.00000,20.10000,5.40200
1704.00000,42067.00000,40.00000,25.88000,5.51760
1705.00000,41967.00000,40.00000,38.28000,5.76560
1703.60000,41867.00000,40.00000,41.75000,5.83500
1701.00000,41767.00000,40.00000,48.38000,5.96760
1700.00000,41667.00000,40.00000,56.93000,6.13860
1701.00000,41567.00000,40.00000,84.36000,6.68720
1701.00000,41467.00000,40.00000,168.00000,8.36000
1701.00000,41367.00000,40.00000,132.21000,7.64420
1701.00000,41267.00000,40.00000,133.00000,7.66000
1703.00000,41167.00000,40.00000,162.20000,8.24400
1704.60000,41067.00000,40.00000,196.80000,8.93600
1706.00000,40967.00000,40.00000,233.90000,9.67800
1708.30000,40867.00000,40.00000,270.38000,10.40760
1709.60000,40767.00000,40.00000,302.96000,11.05920
1710.00000,40667.00000,40.00000,327.66000,11.55320
1707.70000,40567.00000,40.00000,341.63000,11.83260
1705.00000,40467.00000,40.00000,343.14000,11.86280
1705.60000,40367.00000,40.00000,331.77000,11.63540
1705.10000,40267.00000,40.00000,307.66000,11.15320
1701.50000,40167.00000,40.00000,296.43000,10.92860
1700.00000,40067.00000,40.00000,291.82000,10.83640
1789.00000,40040.00000,40.00000,220.30000,9.40600
1789.00000,40140.00000,40.00000,269.21000,10.38420
1791.00000,40240.00000,40.00000,267.10000,10.34200
1792.30000,40340.00000,40.00000,289.29000,10.78580
1793.00000,40440.00000,40.00000,317.62000,11.35240
1794.80000,40540.00000,40.00000,328.13000,11.56260
1798.00000,40640.00000,40.00000,327.77000,11.55540
1803.20000,40739.00000,40.00000,315.19000,11.30380
1806.10000,40839.00000,40.00000,287.55000,10.75100
1808.00000,40939.00000,40.00000,259.00000,10.18000
1809.00000,41039.00000,40.00000,225.31000,9.50620
1809.80000,41139.00000,40.00000,194.76000,8.89520
1810.90000,41239.00000,40.00000,163.96000,8.27920
1812.00000,41339.00000,40.00000,137.37000,7.74740
1811.80000,41439.00000,40.00000,112.33000,7.24660
1809.10000,41539.00000,40.00000,91.48000,6.82960
1805.50000,41639.00000,40.00000,69.91000,6.39820
1802.90000,41739.00000,40.00000,59.62000,6.19240
1801.00000,41839.00000,40.00000,48.99000,5.97980
1798.00000,41939.00000,40.00000,46.40000,5.92800
1797.00000,42039.00000,40.00000,34.15000,5.68300
1798.00000,42139.00000,40.00000,24.70000,5.49400
1798.80000,42239.00000,40.00000,18.37000,5.36740
1801.60000,42339.00000,40.00000,13.88000,5.27760
1802.90000,42439.00000,40.00000,10.00000,5.20000
1804.50000,42539.00000,40.00000,9.50000,5.19000
1806.30000,42639.00000,40.00000,10.30000,5.20600
1808.00000,42739.00000,40.00000,13.31000,5.26620
1806.90000,42839.00000,40.00000,12.20000,5.24400
1804.10000,42939.00000,40.00000,11.14000,5.22280
1909.00000,42970.00000,40.00000,9.30000,5.18600
1910.80000,42870.00000,40.00000,9.40000,5.18800
1911.00000,42770.00000,40.00000,11.88000,5.23760
1910.00000,42670.00000,40.00000,10.78000,5.21560
1908.40000,42570.00000,40.00000,10.40000,5.20800
1905.90000,42470.00000,40.00000,11.42000,5.22840
1903.50000,42370.00000,40.00000,13.08000,5.26160
1900.10000,42270.00000,40.00000,16.97000,5.33940
1897.60000,42170.00000,40.00000,22.50000,5.45000
1895.20000,42070.00000,40.00000,29.83000,5.59660
1894.00000,41970.00000,40.00000,41.25000,5.82500
1894.60000,41870.00000,40.00000,49.34000,5.98680
1896.00000,41770.00000,40.00000,58.17000,6.16340
1896.30000,41670.00000,40.00000,70.63000,6.41260
1896.90000,41570.00000,40.00000,89.96000,6.79920
1899.00000,41470.00000,40.00000,115.02000,7.30040
1903.50000,41370.00000,40.00000,134.82000,7.69640
1907.50000,41270.00000,40.00000,159.96000,8.19920
1911.80000,41170.00000,40.00000,188.81000,8.77620
1916.40000,41070.00000,40.00000,217.41000,9.34820
1922.50000,40971.00000,40.00000,248.43000,9.96860
1927.50000,40871.00000,40.00000,275.96000,10.51920
1931.00000,40771.00000,40.00000,295.64000,10.91280
1934.20000,40671.00000,40.00000,307.75000,11.15500
1936.00000,40571.00000,40.00000,307.39000,11.14780
1935.00000,40471.00000,40.00000,304.00000,11.08000
1928.10000,40371.00000,40.00000,290.99000,10.81980
1920.40000,40271.00000,40.00000,266.56000,10.33120
1913.40000,40172.00000,40.00000,255.59000,10.11180
1906.00000,40072.00000,40.00000,205.53000,9.11060
1972.00000,40029.00000,40.00000,140.40000,7.80800
1977.00000,40129.00000,40.00000,197.62000,8.95240
1985.10000,40228.00000,40.00000,265.88000,10.31760
1992.60000,40328.00000,40.00000,279.88000,10.59760
1998.50000,40428.00000,40.00000,282.54000,10.65080
2002.00000,40528.00000,40.00000,297.84000,10.95680
2003.00000,40628.00000,40.00000,302.70000,11.05400
2004.00000,40728.00000,40.00000,302.71000,11.05420
2003.00000,40828.00000,40.00000,292.84000,10.85680
2002.00000,40928.00000,40.00000,272.89000,10.45780
2001.00000,41028.00000,40.00000,246.54000,9.93080
2000.00000,41128.00000,40.00000,216.89000,9.33780
1997.60000,41228.00000,40.00000,187.36000,8.74720
1995.90000,41328.00000,40.00000,161.24000,8.22480
1995.00000,41428.00000,40.00000,137.12000,7.74240
1994.90000,41528.00000,40.00000,115.70000,7.31400
1997.20000,41628.00000,40.00000,91.35000,6.82700
2001.10000,41727.00000,40.00000,74.54000,6.49080
2002.00000,41827.00000,40.00000,60.00000,6.20000
2001.00000,41927.00000,40.00000,46.84000,5.93680
2002.00000,42027.00000,40.00000,36.04000,5.72080
2004.40000,42127.00000,40.00000,27.65000,5.55300
2009.10000,42227.00000,40.00000,21.29000,5.42580
2011.00000,42327.00000,40.00000,15.84000,5.31680
2009.50000,42427.00000,40.00000,14.48000,5.28960
2005.70000,42527.00000,40.00000,11.55000,5.23100
2002.00000,42627.00000,40.00000,10.00000,5.20000
1998.60000,42727.00000,40.00000,9.91000,5.19820
1994.40000,42827.00000,40.00000,9.99000,5.19980
1990.00000,42927.00000,40.00000,15.02000,5.30040
2092.00000,42963.00000,40.00000,9.00000,5.18000
2093.60000,42863.00000,40.00000,13.23000,5.26460
2095.00000,42763.00000,40.00000,10.82000,5.21640
2095.00000,42663.00000,40.00000,7.14000,5.14280
2092.50000,42563.00000,40.00000,7.52000,5.15040
2089.00000,42463.00000,40.00000,9.50000,5.19000
2085.40000,42363.00000,40.00000,13.03000,5.26060
2083.90000,42263.00000,40.00000,14.66000,5.29320
2082.80000,42163.00000,40.00000,20.28000,5.40560
2085.10000,42063.00000,40.00000,29.75000,5.59500
2088.30000,41963.00000,40.00000,39.69000,5.79380
2094.60000,41863.00000,40.00000,53.96000,6.07920
2103.20000,41764.00000,40.00000,69.16000,6.38320
2108.30000,41664.00000,40.00000,86.07000,6.72140
2113.30000,41564.00000,40.00000,107.00000,7.14000
2118.30000,41464.00000,40.00000,127.24000,7.54480
2123.20000,41364.00000,40.00000,156.96000,8.13920
2128.00000,41264.00000,40.00000,187.01000,8.74020
2125.20000,41164.00000,40.00000,215.13000,9.30260
2122.30000,41064.00000,40.00000,241.54000,9.83080
2120.00000,40964.00000,40.00000,265.68000,10.31360
2117.60000,40864.00000,40.00000,285.25000,10.70500
2115.30000,40764.00000,40.00000,298.05000,10.96100
2113.10000,40664.00000,40.00000,297.14000,10.94280
2111.00000,40564.00000,40.00000,288.07000,10.76140
2109.70000,40465.00000,40.00000,274.90000,10.49800
2107.50000,40365.00000,40.00000,264.33000,10.28660
2104.00000,40265.00000,40.00000,248.64000,9.97280
2105.00000,40165.00000,40.00000,193.46000,8.86920
2106.00000,40065.00000,40.00000,136.00000,7.72000
2171.00000,40043.00000,40.00000,114.90000,7.29800
2177.00000,40142.00000,40.00000,152.00000,8.04000
2182.70000,40242.00000,40.00000,221.45000,9.42900
2185.20000,40342.00000,40.00000,238.25000,9.76500
2187.90000,40442.00000,40.00000,253.14000,10.06280
2191.10000,40542.00000,40.00000,273.71000,10.47420
2191.30000,40642.00000,40.00000,290.13000,10.80260
2188.00000,40742.00000,40.00000,299.86000,10.99720
2191.10000,40842.00000,40.00000,299.30000,10.98600
2195.20000,40942.00000,40.00000,283.43000,10.66860
2198.40000,41042.00000,40.00000,264.22000,10.28440
2198.70000,41142.00000,40.00000,240.29000,9.80580
2195.80000,41242.00000,40.00000,213.05000,9.26100
2193.90000,41342.00000,40.00000,183.99000,8.67980
2191.00000,41442.00000,40.00000,152.73000,8.05460
2188.10000,41542.00000,40.00000,127.31000,7.54620
2185.80000,41642.00000,40.00000,105.57000,7.11140
2184.00000,41742.00000,40.00000,84.78000,6.69560
2185.00000,41842.00000,40.00000,69.48000,6.38960
2188.50000,41942.00000,40.00000,54.66000,6.09320
2193.00000,42041.00000,40.00000,40.19000,5.80380
2198.50000,42141.00000,40.00000,28.96000,5.57920
2203.00000,42241.00000,40.00000,19.14000,5.38280
2206.70000,42341.00000,40.00000,15.59000,5.31180
2208.00000,42441.00000,40.00000,10.53000,5.21060
2208.00000,42541.00000,40.00000,6.91000,5.13820
2207.00000,42641.00000,40.00000,6.10000,5.12200
2204.30000,42741.00000,40.00000,8.72000,5.17440
2201.90000,42841.00000,40.00000,9.20000,5.18400
2202.00000,42941.00000,40.00000,5.48000,5.10960
2286.00000,42966.00000,40.00000,7.70000,5.15400
2284.00000,42866.00000,40.00000,9.73000,5.19460
2285.00000,42766.00000,40.00000,7.01000,5.14020
2282.80000,42666.00000,40.00000,5.75000,5.11500
2280.30000,42566.00000,40.00000,6.07000,5.12140
2279.00000,42466.00000,40.00000,10.46000,5.20920
2280.60000,42366.00000,40.00000,15.13000,5.30260
2284.00000,42266.00000,40.00000,17.75000,5.35500
2287.40000,42166.00000,40.00000,23.71000,5.47420
2289.80000,42066.00000,40.00000,37.04000,5.74080
2292.20000,41966.00000,40.00000,55.16000,6.10320
2295.30000,41866.00000,40.00000,73.35000,6.46700
2300.20000,41766.00000,40.00000,88.63000,6.77260
2304.60000,41666.00000,40.00000,107.52000,7.15040
2308.00000,41566.00000,40.00000,125.88000,7.51760
2311.50000,41466.00000,40.00000,148.34000,7.96680
2312.90000,41366.00000,40.00000,178.94000,8.57880
2313.10000,41267.00000,40.00000,210.54000,9.21080
2314.00000,41167.00000,40.00000,242.70000,9.85400
2315.00000,41067.00000,40.00000,269.56000,10.39120
2315.00000,40967.00000,40.00000,294.92000,10.89840
2315.00000,40867.00000,40.00000,308.04000,11.16080
2312.90000,40767.00000,40.00000,310.00000,11.20000
2312.60000,40667.00000,40.00000,296.59000,10.93180
2310.20000,40567.00000,40.00000,274.79000,10.49580
2308.00000,40467.00000,40.00000,247.66000,9.95320
2305.70000,40367.00000,40.00000,220.71000,9.41420
2304.30000,40267.00000,40.00000,212.93000,9.25860
2304.00000,40167.00000,40.00000,162.28000,8.24560
2305.50000,40067.00000,40.00000,113.48000,7.26960
2401.00000,40039.00000,40.00000,80.20000,6.60400
2395.30000,40139.00000,40.00000,114.18000,7.28360
2390.40000,40238.00000,40.00000,175.79000,8.51580
2385.90000,40338.00000,40.00000,194.48000,8.88960
2386.00000,40438.00000,40.00000,215.72000,9.31440
2387.00000,40538.00000,40.00000,255.12000,10.10240
2387.00000,40638.00000,40.00000,288.34000,10.76680
2387.00000,40738.00000,40.00000,309.79000,11.19580
2389.80000,40838.00000,40.00000,322.48000,11.44960
2392.90000,40938.00000,40.00000,317.83000,11.35660
2394.90000,41038.00000,40.00000,299.43000,10.98860
2396.00000,41138.00000,40.00000,272.80000,10.45600
2396.00000,41238.00000,40.00000,241.53000,9.83060
2396.90000,41338.00000,40.00000,208.81000,9.17620
2399.00000,41438.00000,40.00000,176.75000,8.53500
2401.10000,41538.00000,40.00000,148.84000,7.97680
2402.00000,41638.00000,40.00000,125.61000,7.51220
2403.00000,41738.00000,40.00000,108.22000,7.16440
2404.00000,41838.00000,40.00000,98.13000,6.96260
2405.90000,41938.00000,40.00000,84.02000,6.68040
2407.00000,42038.00000,40.00000,57.27000,6.14540
2407.00000,42138.00000,40.00000,31.26000,5.62520
2407.00000,42238.00000,40.00000,18.45000,5.36900
2408.00000,42338.00000,40.00000,12.27000,5.24540
2408.00000,42438.00000,40.00000,8.71000,5.17420
2405.70000,42538.00000,40.00000,8.21000,5.16420
2402.80000,42638.00000,40.00000,5.13000,5.10260
2399.80000,42738.00000,40.00000,3.61000,5.07220
2398.00000,42838.00000,40.00000,4.64000,5.09280
2398.00000,42938.00000,40.00000,6.95000,5.13900
2496.00000,42965.00000,40.00000,-0.40000,5.00800
2502.50000,42865.00000,40.00000,-1.83000,5.03660
2506.50000,42765.00000,40.00000,1.71000,5.03420
2508.40000,42665.00000,40.00000,2.13000,5.04260
2511.20000,42565.00000,40.00000,5.39000,5.10780
2512.90000,42465.00000,40.00000,7.55000,5.15100
2514.60000,42365.00000,40.00000,11.21000,5.22420
2515.00000,42265.00000,40.00000,16.50000,5.33000
2514.50000,42165.00000,40.00000,26.74000,5.53480
2513.10000,42065.00000,40.00000,46.37000,5.92740
2510.70000,41965.00000,40.00000,81.23000,6.62460
2508.30000,41865.00000,40.00000,114.82000,7.29640
2504.90000,41765.00000,40.00000,122.50000,7.45000
2501.30000,41665.00000,40.00000,125.69000,7.51380
2501.00000,41565.00000,40.00000,146.95000,7.93900
2502.30000,41465.00000,40.00000,176.50000,8.53000
2506.20000,41365.00000,40.00000,207.24000,9.14480
2510.00000,41266.00000,40.00000,243.34000,9.86680
2513.50000,41166.00000,40.00000,281.90000,10.63800
2516.80000,41066.00000,40.00000,316.10000,11.32200
2519.20000,40966.00000,40.00000,339.35000,11.78700
2519.30000,40866.00000,40.00000,351.17000,12.02340
2518.00000,40766.00000,40.00000,338.68000,11.77360
2515.50000,40666.00000,40.00000,315.36000,11.30720
2511.90000,40566.00000,40.00000,280.31000,10.60620
2507.30000,40466.00000,40.00000,236.48000,9.72960
2502.70000,40366.00000,40.00000,201.79000,9.03580
2497.10000,40266.00000,40.00000,171.88000,8.43760
2490.20000,40166.00000,40.00000,123.00000,7.46000
2485.00000,40067.00000,40.00000,74.01000,6.48020
2589.00000,40032.00000,40.00000,73.40000,6.46800
2590.50000,40132.00000,40.00000,63.13000,6.26260
2593.00000,40232.00000,40.00000,112.36000,7.24720
2594.90000,40332.00000,40.00000,164.29000,8.28580
2593.00000,40432.00000,40.00000,205.78000,9.11560
2591.30000,40532.00000,40.00000,255.52000,10.11040
2589.00000,40632.00000,40.00000,302.44000,11.04880
2589.00000,40732.00000,40.00000,340.66000,11.81320
2589.00000,40832.00000,40.00000,364.50000,12.29000
2590.00000,40932.00000,40.00000,372.38000,12.44760
2591.30000,41032.00000,40.00000,359.99000,12.19980
2592.10000,41131.00000,40.00000,330.08000,11.60160
2593.10000,41231.00000,40.00000,288.57000,10.77140
2594.00000,41331.00000,40.00000,246.42000,9.92840
2595.00000,41431.00000,40.00000,208.92000,9.17840
2596.00000,41531.00000,40.00000,171.50000,8.43000
2597.00000,41631.00000,40.00000,142.97000,7.85940
2597.00000,41731.00000,40.00000,129.70000,7.59400
2597.00000,41831.00000,40.00000,129.54000,7.59080
2598.00000,41931.00000,40.00000,107.06000,7.14120
2598.00000,42031.00000,40.00000,64.67000,6.29340
2599.30000,42131.00000,40.00000,36.76000,5.73520
2601.00000,42231.00000,40.00000,20.45000,5.40900
2601.60000,42331.00000,40.00000,11.41000,5.22820
2602.00000,42431.00000,40.00000,5.64000,5.11280
2601.00000,42531.00000,40.00000,1.31000,5.02620
2599.60000,42631.00000,40.00000,-1.67000,5.03340
2598.00000,42731.00000,40.00000,-3.61000,5.07220
2596.20000,42831.00000,40.00000,-3.00000,5.06000
2594.50000,42931.00000,40.00000,-3.47000,5.06940
2708.00000,42967.00000,40.00000,-8.20000,5.16400
2708.00000,42867.00000,40.00000,-8.00000,5.16000
2708.00000,42767.00000,40.00000,-10.93000,5.21860
2708.90000,42667.00000,40.00000,-9.58000,5.19160
2710.30000,42567.00000,40.00000,-6.25000,5.12500
2711.00000,42467.00000,40.00000,-2.00000,5.04000
2709.80000,42367.00000,40.00000,2.87000,5.05740
2708.30000,42267.00000,40.00000,9.32000,5.18640
2705.80000,42167.00000,40.00000,20.22000,5.40440
2703.30000,42067.00000,40.00000,35.00000,5.70000
2700.70000,41967.00000,40.00000,67.84000,6.35680
2699.10000,41867.00000,40.00000,109.13000,7.18260
2697.50000,41767.00000,40.00000,118.72000,7.37440
2697.00000,41667.00000,40.00000,131.89000,7.63780
2697.50000,41567.00000,40.00000,162.58000,8.25160
2700.00000,41467.00000,40.00000,200.32000,9.00640
2701.00000,41367.00000,40.00000,239.36000,9.78720
2701.90000,41267.00000,40.00000,278.05000,10.56100
2703.00000,41167.00000,40.00000,325.87000,11.51740
2703.00000,41067.00000,40.00000,374.21000,12.48420
2703.00000,40967.00000,40.00000,402.27000,13.04540
2703.00000,40867.00000,40.00000,405.00000,13.10000
2703.40000,40767.00000,40.00000,391.45000,12.82900
2705.80000,40667.00000,40.00000,354.48000,12.08960
2704.00000,40567.00000,40.00000,300.71000,11.01420
2699.10000,40467.00000,40.00000,240.12000,9.80240
2694.50000,40367.00000,40.00000,184.78000,8.69560
2693.00000,40267.00000,40.00000,124.10000,7.48200
2690.50000,40167.00000,40.00000,72.14000,6.44280
2689.00000,40067.00000,40.00000,46.94000,5.93880
2802.00000,40043.00000,40.00000,24.60000,5.49200
2797.80000,40143.00000,40.00000,19.33000,5.38660
2792.40000,40242.00000,40.00000,56.16000,6.12320
2788.20000,40342.00000,40.00000,136.38000,7.72760
2783.90000,40442.00000,40.00000,207.86000,9.15720
2780.60000,40542.00000,40.00000,275.84000,10.51680
2780.40000,40642.00000,40.00000,350.78000,12.01560
2782.60000,40742.00000,40.00000,407.82000,13.15640
2784.70000,40842.00000,40.00000,439.20000,13.78400
2788.00000,40942.00000,40.00000,442.17000,13.84340
2787.10000,41042.00000,40.00000,425.23000,13.50460
2787.80000,41142.00000,40.00000,381.90000,12.63800
2789.00000,41242.00000,40.00000,324.82000,11.49640
2790.00000,41342.00000,40.00000,278.42000,10.56840
2790.00000,41442.00000,40.00000,231.43000,9.62860
2788.90000,41542.00000,40.00000,186.79000,8.73580
2790.00000,41642.00000,40.00000,145.91000,7.91820
2790.00000,41742.00000,40.00000,135.00000,7.70000
2789.00000,41842.00000,40.00000,158.84000,8.17680
2789.00000,41942.00000,40.00000,85.57000,6.71140
2790.00000,42042.00000,40.00000,40.99000,5.81980
2790.50000,42142.00000,40.00000,22.58000,5.45160
2794.40000,42242.00000,40.00000,10.69000,5.21380
2799.30000,42342.00000,40.00000,-0.36000,5.00720
2804.30000,42442.00000,40.00000,-6.43000,5.12860
2808.80000,42542.00000,40.00000,-8.99000,5.17980
2808.60000,42642.00000,40.00000,-13.35000,5.26700
2804.20000,42741.00000,40.00000,-19.78000,5.39560
2801.10000,42841.00000,40.00000,-19.07000,5.38140
2799.60000,42941.00000,40.00000,-14.70000,5.29400
2914.00000,42963.00000,40.00000,-15.60000,5.31200
2913.00000,42863.00000,40.00000,-20.15000,5.40300
2913.00000,42763.00000,40.00000,-20.30000,5.40600
2914.00000,42663.00000,40.00000,-20.10000,5.40200
2910.30000,42563.00000,40.00000,-18.24000,5.36480
2902.90000,42463.00000,40.00000,-14.27000,5.28540
2897.90000,42363.00000,40.00000,-9.32000,5.18640
2895.90000,42263.00000,40.00000,-2.08000,5.04160
2895.90000,42163.00000,40.00000,9.70000,5.19400
2897.20000,42063.00000,40.00000,20.16000,5.40320
2899.80000,41963.00000,40.00000,36.28000,5.72560
2902.00000,41863.00000,40.00000,204.48000,9.08960
2903.00000,41763.00000,40.00000,337.68000,11.75360
2904.80000,41663.00000,40.00000,132.83000,7.65660
2908.80000,41564.00000,40.00000,171.16000,8.42320
2913.00000,41464.00000,40.00000,218.42000,9.36840
2917.50000,41364.00000,40.00000,271.85000,10.43700
2921.30000,41264.00000,40.00000,331.34000,11.62680
2924.00000,41164.00000,40.00000,400.32000,13.00640
2925.00000,41064.00000,40.00000,457.77000,14.15540
2922.70000,40964.00000,40.00000,507.47000,15.14940
2921.00000,40864.00000,40.00000,536.95000,15.73900
2917.30000,40764.00000,40.00000,534.28000,15.68560
2912.40000,40664.00000,40.00000,494.42000,14.88840
2908.60000,40564.00000,40.00000,419.16000,13.38320
2904.40000,40464.00000,40.00000,331.68000,11.63360
2901.10000,40364.00000,40.00000,237.16000,9.74320
2898.80000,40264.00000,40.00000,121.46000,7.42920
2898.00000,40164.00000,40.00000,35.34000,5.70680
2898.00000,40064.00000,40.00000,24.04000,5.48080
3003.00000,40036.00000,40.00000,-37.00000,5.74000
3001.00000,40136.00000,40.00000,40.41000,5.80820
3001.00000,40236.00000,40.00000,172.89000,8.45780
3000.00000,40336.00000,40.00000,355.72000,12.11440
3000.00000,40436.00000,40.00000,477.34000,14.54680
3001.00000,40536.00000,40.00000,536.63000,15.73260
3001.00000,40636.00000,40.00000,611.25000,17.22500
3001.00000,40736.00000,40.00000,650.78000,18.01560
3000.00000,40836.00000,40.00000,641.16000,17.82320
2999.00000,40936.00000,40.00000,591.94000,16.83880
2999.90000,41036.00000,40.00000,522.99000,15.45980
3002.40000,41136.00000,40.00000,452.06000,14.04120
3005.50000,41236.00000,40.00000,381.00000,12.62000
3008.20000,41336.00000,40.00000,310.85000,11.21700
3010.00000,41435.00000,40.00000,247.01000,9.94020
3012.60000,41535.00000,40.00000,196.71000,8.93420
3014.00000,41635.00000,40.00000,150.17000,8.00340
3016.00000,41735.00000,40.00000,115.00000,7.30000
3017.00000,41835.00000,40.00000,177.90000,8.55800
3017.90000,41935.00000,40.00000,39.08000,5.78160
3016.50000,42035.00000,40.00000,11.33000,5.22660
3013.80000,42135.00000,40.00000,-2.13000,5.04260
3012.00000,42235.00000,40.00000,-15.57000,5.31140
3011.00000,42335.00000,40.00000,-24.09000,5.48180
3011.00000,42435.00000,40.00000,-28.15000,5.56300
3011.00000,42535.00000,40.00000,-27.82000,5.55640
3011.00000,42635.00000,40.00000,-27.16000,5.54320
3012.00000,42735.00000,40.00000,-22.95000,5.45900
3010.70000,42835.00000,40.00000,-17.96000,5.35920
3010.00000,42935.00000,40.00000,-19.20000,5.38400
3126.00000,42963.00000,40.00000,-8.10000,5.16200
3124.30000,42863.00000,40.00000,-14.05000,5.28100
3123.00000,42763.00000,40.00000,-24.72000,5.49440
3121.10000,42663.00000,40.00000,-34.09000,5.68180
3120.00000,42563.00000,40.00000,-38.71000,5.77420
3117.90000,42463.00000,40.00000,-46.84000,5.93680
3117.10000,42363.00000,40.00000,-49.39000,5.98780
3114.80000,42263.00000,40.00000,-50.62000,6.01240
3114.00000,42163.00000,40.00000,-40.72000,5.81440
3111.90000,42063.00000,40.00000,-20.92000,5.41840
3112.00000,41963.00000,40.00000,7.22000,5.14440
3111.00000,41863.00000,40.00000,33.45000,5.66900
3110.00000,41763.00000,40.00000,68.45000,6.36900
3109.50000,41663.00000,40.00000,107.17000,7.14340
3109.00000,41563.00000,40.00000,155.78000,8.11560
3108.00000,41463.00000,40.00000,209.46000,9.18920
3107.00000,41363.00000,40.00000,271.96000,10.43920
3106.00000,41263.00000,40.00000,345.86000,11.91720
3105.00000,41163.00000,40.00000,429.57000,13.59140
3104.00000,41063.00000,40.00000,534.74000,15.69480
3102.10000,40963.00000,40.00000,647.45000,17.94900
3097.30000,40863.00000,40.00000,749.81000,19.99620
3092.70000,40763.00000,40.00000,820.75000,21.41500
3089.10000,40663.00000,40.00000,837.33000,21.74660
3084.30000,40563.00000,40.00000,784.61000,20.69220
3080.80000,40464.00000,40.00000,741.24000,19.82480
3077.40000,40364.00000,40.00000,792.01000,20.84020
3075.00000,40264.00000,40.00000,921.51000,23.43020
3075.20000,40164.00000,40.00000,765.69000,20.31380
3077.80000,40064.00000,40.00000,199.77000,8.99540
3211.00000,42962.00000,40.00000,-3.20000,5.06400
3214.40000,42862.00000,40.00000,-10.52000,5.21040
3215.00000,42762.00000,40.00000,-23.50000,5.47000
3213.00000,42662.00000,40.00000,-40.64000,5.81280
3211.70000,42562.00000,40.00000,-60.96000,6.21920
3210.30000,42462.00000,40.00000,-79.12000,6.58240
3210.00000,42362.00000,40.00000,-97.83000,6.95660
3210.00000,42262.00000,40.00000,-107.34000,7.14680
3211.00000,42162.00000,40.00000,-80.24000,6.60480
3211.50000,42062.00000,40.00000,-49.43000,5.98860
3212.00000,41962.00000,40.00000,-16.07000,5.32140
3212.00000,41862.00000,40.00000,12.97000,5.25940
3212.00000,41762.00000,40.00000,47.09000,5.94180
3212.10000,41662.00000,40.00000,81.68000,6.63360
3213.70000,41562.00000,40.00000,133.15000,7.66300
3216.10000,41462.00000,40.00000,189.95000,8.79900
3217.00000,41362.00000,40.00000,257.30000,10.14600
3217.00000,41262.00000,40.00000,337.20000,11.74400
3217.00000,41162.00000,40.00000,430.98000,13.61960
3216.00000,41062.00000,40.00000,549.27000,15.98540
3215.60000,40962.00000,40.00000,695.98000,18.91960
3213.30000,40862.00000,40.00000,863.19000,22.26380
3211.00000,40762.00000,40.00000,1024.68000,25.49360
3208.50000,40662.00000,40.00000,1109.91000,27.19820
3204.90000,40562.00000,40.00000,1107.91000,27.15820
3201.50000,40462.00000,40.00000,1091.20000,26.82400
3196.00000,40362.00000,40.00000,1308.24000,31.16480
3190.10000,40263.00000,40.00000,3246.99000,69.93980
3183.10000,40163.00000,40.00000,4380.11000,92.60220
3177.20000,40063.00000,40.00000,843.22000,21.86440
3298.00000,40045.00000,40.00000,4439.70000,93.79400
3300.00000,40145.00000,40.00000,3584.90000,76.69800
3301.80000,40245.00000,40.00000,4383.04000,92.66080
3303.00000,40345.00000,40.00000,3183.98000,68.67960
3303.00000,40445.00000,40.00000,1793.20000,40.86400
3303.00000,40545.00000,40.00000,1381.14000,32.62280
3300.40000,40645.00000,40.00000,1267.03000,30.34060
3295.60000,40745.00000,40.00000,1163.76000,28.27520
3290.50000,40844.00000,40.00000,994.67000,24.89340
3286.50000,40944.00000,40.00000,798.21000,20.96420
3282.20000,41044.00000,40.00000,613.89000,17.27780
3278.70000,41144.00000,40.00000,472.27000,14.44540
3277.10000,41244.00000,40.00000,364.66000,12.29320
3278.10000,41344.00000,40.00000,284.66000,10.69320
3282.70000,41444.00000,40.00000,207.69000,9.15380
3290.30000,41544.00000,40.00000,144.59000,7.89180
3299.20000,41643.00000,40.00000,90.50000,6.81000
3313.80000,41742.00000,40.00000,44.10000,5.88200
3320.20000,41842.00000,40.00000,4.46000,5.08920
3329.10000,41941.00000,40.00000,-23.48000,5.46960
3336.30000,42041.00000,40.00000,-57.30000,6.14600
3341.10000,42141.00000,40.00000,4.86000,5.09720
3344.00000,42241.00000,40.00000,833.11000,21.66220
3344.50000,42341.00000,40.00000,34.03000,5.68060
3342.90000,42441.00000,40.00000,-125.04000,7.50080
3340.30000,42541.00000,40.00000,-96.05000,6.92100
3336.60000,42641.00000,40.00000,-53.41000,6.06820
3332.30000,42741.00000,40.00000,-20.91000,5.41820
3331.00000,42841.00000,40.00000,-7.09000,5.14180
3332.50000,42941.00000,40.00000,-2.25000,5.04500
3407.00000,42968.00000,40.00000,11.80000,5.23600
3406.00000,42868.00000,40.00000,14.95000,5.29900
3405.00000,42768.00000,40.00000,13.99000,5.27980
3405.00000,42668.00000,40.00000,-11.01000,5.22020
3405.00000,42568.00000,40.00000,-59.38000,6.18760
3403.90000,42468.00000,40.00000,-96.59000,6.93180
3403.10000,42368.00000,40.00000,39.42000,5.78840
3400.80000,42268.00000,40.00000,423.24000,13.46480
3400.00000,42168.00000,40.00000,243.46000,9.86920
3398.80000,42068.00000,40.00000,-78.39000,6.56780
3396.80000,41968.00000,40.00000,-48.35000,5.96700
3393.60000,41868.00000,40.00000,-20.30000,5.40600
3391.50000,41768.00000,40.00000,8.12000,5.16240
3389.40000,41668.00000,40.00000,44.27000,5.88540
3388.00000,41568.00000,40.00000,93.63000,6.87260
3388.00000,41468.00000,40.00000,148.09000,7.96180
3388.00000,41368.00000,40.00000,207.70000,9.15400
3389.00000,41268.00000,40.00000,307.64000,11.15280
3389.00000,41168.00000,40.00000,381.66000,12.63320
3389.40000,41068.00000,40.00000,493.84000,14.87680
3390.00000,40968.00000,40.00000,642.50000,17.85000
3391.00000,40868.00000,40.00000,836.68000,21.73360
3393.10000,40768.00000,40.00000,1045.67000,25.91340
3393.90000,40668.00000,40.00000,1209.45000,29.18900
3395.80000,40568.00000,40.00000,1335.93000,31.71860
3396.00000,40468.00000,40.00000,1522.70000,35.45400
3397.00000,40368.00000,40.00000,1761.37000,40.22740
3397.00000,40268.00000,40.00000,2519.49000,55.38980
3397.80000,40168.00000,40.00000,3038.98000,65.77960
3399.00000,40068.00000,40.00000,2346.37000,51.92740
3506.00000,40032.00000,40.00000,807.90000,21.15800
3508.80000,40132.00000,40.00000,1997.25000,44.94500
3510.10000,40232.00000,40.00000,3872.88000,82.45760
3507.60000,40332.00000,40.00000,1579.68000,36.59360
3504.90000,40432.00000,40.00000,768.60000,20.37200
3499.60000,40531.00000,40.00000,976.00000,24.52000
3489.90000,40631.00000,40.00000,1062.60000,26.25200
3474.70000,40730.00000,40.00000,1016.89000,25.33780
3467.90000,40829.00000,40.00000,894.13000,22.88260
3458.60000,40929.00000,40.00000,717.74000,19.35480
3454.70000,41029.00000,40.00000,553.41000,16.06820
3455.40000,41129.00000,40.00000,428.65000,13.57300
3462.80000,41229.00000,40.00000,329.41000,11.58820
3478.10000,41327.00000,40.00000,255.78000,10.11560
3492.20000,41426.00000,40.00000,183.98000,8.67960
3503.60000,41526.00000,40.00000,109.68000,7.19360
3509.00000,41625.00000,40.00000,53.76000,6.07520
3505.80000,41725.00000,40.00000,11.27000,5.22540
3488.40000,41824.00000,40.00000,-15.15000,5.30300
3471.80000,41922.00000,40.00000,-38.22000,5.76440
3454.10000,42021.00000,40.00000,-61.59000,6.23180
3438.70000,42120.00000,40.00000,-87.13000,6.74260
3431.90000,42219.00000,40.00000,402.07000,13.04140
3432.10000,42319.00000,40.00000,204.99000,9.09980
3446.60000,42418.00000,40.00000,10.01000,5.20020
3459.00000,42517.00000,40.00000,-75.96000,6.51920
3474.50000,42616.00000,40.00000,-28.25000,5.56500
3493.90000,42714.00000,40.00000,38.42000,5.76840
3514.80000,42812.00000,40.00000,74.12000,6.48240
3530.50000,42911.00000,40.00000,62.23000,6.24460
3578.00000,42960.00000,40.00000,35.70000,5.71400
3580.40000,42860.00000,40.00000,59.17000,6.18340
3581.00000,42760.00000,40.00000,71.98000,6.43960
3581.00000,42660.00000,40.00000,45.22000,5.90440
3581.00000,42560.00000,40.00000,-10.54000,5.21080
3579.50000,42460.00000,40.00000,67.75000,6.35500
3578.00000,42360.00000,40.00000,548.39000,15.96780
3577.00000,42260.00000,40.00000,179.50000,8.59000
3578.00000,42160.00000,40.00000,-121.34000,7.42680
3578.00000,42060.00000,40.00000,-93.50000,6.87000
3578.80000,41960.00000,40.00000,-58.00000,6.16000
3580.90000,41860.00000,40.00000,-42.06000,5.84120
3582.10000,41760.00000,40.00000,-18.62000,5.37240
3586.10000,41660.00000,40.00000,14.06000,5.28120
3587.00000,41560.00000,40.00000,55.64000,6.11280
3586.60000,41460.00000,40.00000,110.98000,7.21960
3589.00000,41360.00000,40.00000,189.82000,8.79640
3592.40000,41260.00000,40.00000,246.88000,9.93760
3594.80000,41160.00000,40.00000,321.10000,11.42200
3598.10000,41060.00000,40.00000,402.68000,13.05360
3600.50000,40960.00000,40.00000,491.42000,14.82840
3603.80000,40860.00000,40.00000,591.27000,16.82540
3607.30000,40760.00000,40.00000,713.76000,19.27520
3611.10000,40660.00000,40.00000,866.79000,22.33580
3615.80000,40561.00000,40.00000,1072.96000,26.45920
3619.20000,40461.00000,40.00000,1865.52000,42.31040
3621.00000,40361.00000,40.00000,1789.34000,40.78680
3621.00000,40261.00000,40.00000,1455.91000,34.11820
3618.80000,40161.00000,40.00000,870.33000,22.40660
3616.10000,40061.00000,40.00000,669.05000,18.38100
3678.00000,40050.00000,40.00000,632.00000,17.64000
3678.00000,40150.00000,40.00000,427.40000,13.54800
3680.80000,40250.00000,40.00000,461.66000,14.23320
3682.60000,40350.00000,40.00000,800.90000,21.01800
3685.50000,40450.00000,40.00000,2411.23000,53.22460
3688.30000,40550.00000,40.00000,1264.51000,30.29020
3691.80000,40650.00000,40.00000,970.02000,24.40040
3695.00000,40749.00000,40.00000,699.11000,18.98220
3697.90000,40849.00000,40.00000,537.13000,15.74260
3700.30000,40949.00000,40.00000,455.73000,14.11460
3697.60000,41049.00000,40.00000,371.74000,12.43480
3695.00000,41149.00000,40.00000,293.06000,10.86120
3693.00000,41249.00000,40.00000,226.81000,9.53620
3690.60000,41349.00000,40.00000,169.84000,8.39680
3688.00000,41449.00000,40.00000,109.36000,7.18720
3683.30000,41549.00000,40.00000,54.82000,6.09640
3680.90000,41649.00000,40.00000,10.48000,5.20960
3680.90000,41749.00000,40.00000,-20.29000,5.40580
3683.10000,41849.00000,40.00000,-47.23000,5.94460
3685.80000,41949.00000,40.00000,-69.51000,6.39020
3689.60000,42049.00000,40.00000,-81.53000,6.63060
3693.80000,42149.00000,40.00000,-114.11000,7.28220
3697.50000,42249.00000,40.00000,-125.05000,7.50100
3700.00000,42349.00000,40.00000,62.23000,6.24460
3702.50000,42449.00000,40.00000,581.09000,16.62180
3705.00000,42549.00000,40.00000,-72.71000,6.45420
3706.00000,42649.00000,40.00000,-40.97000,5.81940
3707.00000,42749.00000,40.00000,44.62000,5.89240
3706.00000,42849.00000,40.00000,41.20000,5.82400
3702.70000,42949.00000,40.00000,22.01000,5.44020
3829.00000,42969.00000,40.00000,-10.20000,5.20400
3829.00000,42869.00000,40.00000,-14.94000,5.29880
3830.10000,42769.00000,40.00000,12.00000,5.24000
3831.70000,42669.00000,40.00000,2.93000,5.05860
3830.80000,42569.00000,40.00000,-115.06000,7.30120
3827.50000,42469.00000,40.00000,79.26000,6.58520
3821.50000,42369.00000,40.00000,245.30000,9.90600
3814.10000,42269.00000,40.00000,-118.78000,7.37560
3807.00000,42170.00000,40.00000,-121.04000,7.42080
3799.80000,42070.00000,40.00000,-104.22000,7.08440
3794.40000,41970.00000,40.00000,-86.84000,6.73680
3791.80000,41870.00000,40.00000,-66.62000,6.33240
3792.90000,41770.00000,40.00000,-44.25000,5.88500
3795.00000,41670.00000,40.00000,-18.79000,5.37580
3797.00000,41570.00000,40.00000,16.80000,5.33600
3796.10000,41470.00000,40.00000,58.71000,6.17420
3796.00000,41370.00000,40.00000,100.86000,7.01720
3797.00000,41270.00000,40.00000,153.56000,8.07120
3798.00000,41170.00000,40.00000,209.10000,9.18200
3799.30000,41070.00000,40.00000,262.52000,10.25040
3801.70000,40970.00000,40.00000,327.59000,11.55180
3803.10000,40870.00000,40.00000,403.43000,13.06860
3805.00000,40770.00000,40.00000,526.96000,15.53920
3805.00000,40670.00000,40.00000,647.46000,17.94920
3805.00000,40570.00000,40.00000,625.15000,17.50300
3805.80000,40470.00000,40.00000,495.00000,14.90000
3806.00000,40370.00000,40.00000,295.02000,10.90040
3807.00000,40270.00000,40.00000,216.86000,9.33720
3807.00000,40170.00000,40.00000,303.25000,11.06500
3807.90000,40070.00000,40.00000,447.73000,13.95460
3877.00000,40043.00000,40.00000,555.40000,16.10800
3877.00000,40143.00000,40.00000,370.58000,12.41160
3877.90000,40243.00000,40.00000,202.47000,9.04940
3882.50000,40343.00000,40.00000,120.30000,7.40600
3887.20000,40443.00000,40.00000,128.64000,7.57280
3889.00000,40542.00000,40.00000,203.47000,9.06940
3889.00000,40642.00000,40.00000,333.25000,11.66500
3889.00000,40742.00000,40.00000,403.72000,13.07440
3889.90000,40842.00000,40.00000,353.46000,12.06920
3891.30000,40942.00000,40.00000,282.80000,10.65600
3893.10000,41042.00000,40.00000,231.99000,9.63980
3894.00000,41142.00000,40.00000,187.98000,8.75960
3895.00000,41242.00000,40.00000,142.49000,7.84980
3895.00000,41342.00000,40.00000,98.61000,6.97220
3894.00000,41442.00000,40.00000,78.52000,6.57040
3894.00000,41542.00000,40.00000,25.76000,5.51520
3894.00000,41642.00000,40.00000,-3.42000,5.06840
3892.30000,41742.00000,40.00000,-33.16000,5.66320
3888.10000,41842.00000,40.00000,-53.06000,6.06120
3883.70000,41942.00000,40.00000,-68.66000,6.37320
3878.20000,42042.00000,40.00000,-82.27000,6.64540
3875.90000,42142.00000,40.00000,-97.06000,6.94120
3876.00000,42242.00000,40.00000,-111.21000,7.22420
3879.30000,42342.00000,40.00000,-103.14000,7.06280
3883.30000,42442.00000,40.00000,150.20000,8.00400
3888.40000,42542.00000,40.00000,-121.79000,7.43580
3893.70000,42642.00000,40.00000,-99.00000,6.98000
3900.60000,42741.00000,40.00000,-40.44000,5.80880
3904.40000,42841.00000,40.00000,-20.07000,5.40140
3905.00000,42941.00000,40.00000,-6.27000,5.12540
4001.00000,42965.00000,40.00000,36.60000,5.73200
3997.60000,42865.00000,40.00000,35.56000,5.71120
3994.50000,42765.00000,40.00000,-3.29000,5.06580
3988.40000,42665.00000,40.00000,-57.79000,6.15580
3982.50000,42565.00000,40.00000,-91.57000,6.83140
3978.90000,42465.00000,40.00000,-100.46000,7.00920
3976.90000,42365.00000,40.00000,-95.71000,6.91420
3977.00000,42265.00000,40.00000,-96.22000,6.92440
3978.00000,42165.00000,40.00000,-85.42000,6.70840
3978.00000,42065.00000,40.00000,-71.86000,6.43720
3978.00000,41965.00000,40.00000,-56.94000,6.13880
3978.00000,41865.00000,40.00000,-42.32000,5.84640
3978.30000,41765.00000,40.00000,-27.90000,5.55800
3980.60000,41665.00000,40.00000,-7.23000,5.14460
3983.90000,41565.00000,40.00000,18.46000,5.36920
3986.00000,41465.00000,40.00000,58.27000,6.16540
3986.00000,41365.00000,40.00000,77.10000,6.54200
3986.90000,41265.00000,40.00000,101.64000,7.03280
3988.90000,41165.00000,40.00000,134.75000,7.69500
3991.40000,41066.00000,40.00000,163.84000,8.27680
3996.10000,40966.00000,40.00000,180.01000,8.60020
4000.80000,40866.00000,40.00000,182.08000,8.64160
4005.50000,40766.00000,40.00000,173.53000,8.47060
4009.30000,40666.00000,40.00000,132.59000,7.65180
4013.00000,40566.00000,40.00000,54.61000,6.09220
4015.30000,40466.00000,40.00000,-12.57000,5.25140
4017.00000,40366.00000,40.00000,-46.91000,5.93820
4018.00000,40266.00000,40.00000,-21.79000,5.43580
4018.00000,40166.00000,40.00000,139.11000,7.78220
4016.90000,40066.00000,40.00000,450.36000,14.00720
4094.00000,40042.00000,40.00000,794.70000,20.89400
4091.10000,40142.00000,40.00000,281.71000,10.63420
4091.00000,40242.00000,40.00000,-81.37000,6.62740
4091.00000,40342.00000,40.00000,-162.20000,8.24400
4091.00000,40442.00000,40.00000,-94.88000,6.89760
4091.00000,40542.00000,40.00000,-31.70000,5.63400
4091.00000,40642.00000,40.00000,35.34000,5.70680
4091.00000,40742.00000,40.00000,90.75000,6.81500
4091.00000,40842.00000,40.00000,122.92000,7.45840
4091.00000,40942.00000,40.00000,131.20000,7.62400
4091.00000,41042.00000,40.00000,131.73000,7.63460
4091.00000,41142.00000,40.00000,128.78000,7.57560
4091.00000,41242.00000,40.00000,116.71000,7.33420
4091.60000,41342.00000,40.00000,96.64000,6.93280
4092.00000,41442.00000,40.00000,83.62000,6.67240
4092.00000,41542.00000,40.00000,58.91000,6.17820
4092.00000,41642.00000,40.00000,36.50000,5.73000
4091.00000,41742.00000,40.00000,17.14000,5.34280
4090.00000,41842.00000,40.00000,2.87000,5.05740
4090.00000,41942.00000,40.00000,-11.48000,5.22960
4090.00000,42042.00000,40.00000,-29.12000,5.58240
4090.90000,42142.00000,40.00000,-46.43000,5.92860
4093.10000,42242.00000,40.00000,-59.49000,6.18980
4096.00000,42342.00000,40.00000,-69.78000,6.39560
4099.40000,42441.00000,40.00000,-76.92000,6.53840
4102.00000,42541.00000,40.00000,-74.04000,6.48080
4104.40000,42641.00000,40.00000,-58.92000,6.17840
4105.90000,42741.00000,40.00000,-7.75000,5.15500
4107.30000,42841.00000,40.00000,84.10000,6.68200
4108.90000,42941.00000,40.00000,90.55000,6.81100
4203.00000,42959.00000,40.00000,85.00000,6.70000
4204.30000,42859.00000,40.00000,75.12000,6.50240
4205.80000,42759.00000,40.00000,20.43000,5.40860
4207.00000,42659.00000,40.00000,-28.91000,5.57820
4208.00000,42559.00000,40.00000,-48.29000,5.96580
4209.00000,42459.00000,40.00000,-49.89000,5.99780
4207.60000,42359.00000,40.00000,-44.54000,5.89080
4205.20000,42259.00000,40.00000,-33.79000,5.67580
4202.80000,42159.00000,40.00000,-22.35000,5.44700
4200.00000,42059.00000,40.00000,-6.49000,5.12980
4199.00000,41959.00000,40.00000,12.37000,5.24740
4198.00000,41859.00000,40.00000,32.64000,5.65280
4196.80000,41759.00000,40.00000,47.40000,5.94800
4198.00000,41659.00000,40.00000,62.96000,6.25920
4200.10000,41559.00000,40.00000,79.20000,6.58400
4203.80000,41459.00000,40.00000,93.67000,6.87340
4207.30000,41359.00000,40.00000,106.03000,7.12060
4209.80000,41259.00000,40.00000,115.65000,7.31300
4212.00000,41159.00000,40.00000,117.34000,7.34680
4213.00000,41059.00000,40.00000,110.13000,7.20260
4214.10000,40959.00000,40.00000,96.95000,6.93900
4213.00000,40859.00000,40.00000,77.10000,6.54200
4210.00000,40759.00000,40.00000,38.60000,5.77200
4207.60000,40659.00000,40.00000,-26.75000,5.53500
4204.50000,40559.00000,40.00000,-92.62000,6.85240
4202.20000,40459.00000,40.00000,-153.64000,8.07280
4201.00000,40359.00000,40.00000,-279.87000,10.59740
4200.90000,40259.00000,40.00000,-320.55000,11.41100
4202.60000,40159.00000,40.00000,716.44000,19.32880
4204.00000,40059.00000,40.00000,2286.53000,50.73060
4295.00000,40030.00000,40.00000,3951.90000,84.03800
4293.00000,40130.00000,40.00000,4922.19000,103.44400
4291.00000,40230.00000,40.00000,3027.71000,65.55420
4289.40000,40330.00000,40.00000,296.32000,10.92640
4287.90000,40430.00000,40.00000,-164.83000,8.29660
4287.00000,40530.00000,40.00000,-179.25000,8.58500
4285.50000,40630.00000,40.00000,-123.93000,7.47860
4284.00000,40730.00000,40.00000,-40.44000,5.80880
4284.50000,40830.00000,40.00000,34.31000,5.68620
4286.10000,40930.00000,40.00000,76.04000,6.52080
4288.80000,41030.00000,40.00000,97.84000,6.95680
4292.40000,41129.00000,40.00000,118.73000,7.37460
4298.60000,41229.00000,40.00000,130.83000,7.61660
4302.00000,41329.00000,40.00000,129.74000,7.59480
4303.00000,41429.00000,40.00000,133.54000,7.67080
4302.50000,41529.00000,40.00000,139.44000,7.78880
4298.70000,41629.00000,40.00000,111.25000,7.22500
4294.30000,41729.00000,40.00000,91.32000,6.82640
4290.50000,41829.00000,40.00000,70.02000,6.40040
4286.90000,41929.00000,40.00000,52.97000,6.05940
4284.90000,42029.00000,40.00000,34.26000,5.68520
4285.10000,42129.00000,40.00000,15.25000,5.30500
4286.50000,42229.00000,40.00000,-2.50000,5.05000
4291.10000,42329.00000,40.00000,-13.93000,5.27860
4296.40000,42429.00000,40.00000,-25.04000,5.50080
4302.80000,42528.00000,40.00000,-31.30000,5.62600
4308.70000,42628.00000,40.00000,-29.59000,5.59180
4313.50000,42728.00000,40.00000,-22.21000,5.44420
4318.20000,42828.00000,40.00000,3.43000,5.06860
4320.60000,42928.00000,40.00000,17.72000,5.35440
4411.00000,42966.00000,40.00000,9.70000,5.19400
4414.50000,42866.00000,40.00000,-0.16000,5.00320
4413.70000,42766.00000,40.00000,-10.77000,5.21540
4409.30000,42666.00000,40.00000,-13.52000,5.27040
4405.20000,42566.00000,40.00000,-9.28000,5.18560
4401.00000,42466.00000,40.00000,0.00000,5.00000
4395.80000,42366.00000,40.00000,7.88000,5.15760
4392.00000,42266.00000,40.00000,20.90000,5.41800
4391.10000,42166.00000,40.00000,38.49000,5.76980
4392.00000,42066.00000,40.00000,58.18000,6.16360
4392.80000,41966.00000,40.00000,79.82000,6.59640
4393.10000,41866.00000,40.00000,104.00000,7.08000
4395.50000,41766.00000,40.00000,129.88000,7.59760
4398.10000,41666.00000,40.00000,152.92000,8.05840
4400.00000,41567.00000,40.00000,180.53000,8.61060
4400.00000,41467.00000,40.00000,199.07000,8.98140
4400.00000,41367.00000,40.00000,194.88000,8.89760
4400.00000,41267.00000,40.00000,189.94000,8.79880
4400.60000,41167.00000,40.00000,183.30000,8.66600
4402.00000,41067.00000,40.00000,158.79000,8.17580
4403.00000,40967.00000,40.00000,133.17000,7.66340
4403.10000,40867.00000,40.00000,98.18000,6.96360
4401.90000,40767.00000,40.00000,2.76000,5.05520
4400.60000,40667.00000,40.00000,-111.42000,7.22840
4399.10000,40567.00000,40.00000,-176.31000,8.52620
4399.00000,40467.00000,40.00000,-51.90000,6.03800
4399.00000,40367.00000,40.00000,1362.89000,32.25780
4399.00000,40267.00000,40.00000,1472.96000,34.45920
4399.50000,40167.00000,40.00000,4502.01000,95.04020
4399.00000,40067.00000,40.00000,4027.36000,85.54720
4481.00000,40050.00000,40.00000,133.90000,7.67800
4478.00000,40150.00000,40.00000,5220.64000,109.41300
4475.90000,40250.00000,40.00000,4653.82000,98.07640
4475.00000,40350.00000,40.00000,3608.96000,77.17920
4476.00000,40450.00000,40.00000,849.79000,21.99580
4477.20000,40550.00000,40.00000,-149.59000,7.99180
4481.30000,40650.00000,40.00000,-46.37000,5.92740
4485.20000,40749.00000,40.00000,-15.84000,5.31680
4488.00000,40849.00000,40.00000,81.61000,6.63220
4489.90000,40949.00000,40.00000,152.23000,8.04460
4491.00000,41049.00000,40.00000,187.15000,8.74300
4491.00000,41149.00000,40.00000,226.21000,9.52420
4491.00000,41249.00000,40.00000,242.80000,9.85600
4491.00000,41349.00000,40.00000,253.70000,10.07400
4491.90000,41449.00000,40.00000,270.31000,10.40620
4494.60000,41549.00000,40.00000,238.80000,9.77600
4498.40000,41649.00000,40.00000,229.15000,9.58300
4501.10000,41749.00000,40.00000,205.79000,9.11580
4503.40000,41849.00000,40.00000,178.10000,8.56200
4504.60000,41949.00000,40.00000,149.38000,7.98760
4504.30000,42049.00000,40.00000,120.25000,7.40500
4502.00000,42149.00000,40.00000,91.33000,6.82660
4497.50000,42249.00000,40.00000,63.20000,6.26400
4492.50000,42349.00000,40.00000,41.35000,5.82700
4490.00000,42449.00000,40.00000,28.17000,5.56340
4490.00000,42549.00000,40.00000,11.05000,5.22100
4491.10000,42649.00000,40.00000,-2.46000,5.04920
4493.50000,42749.00000,40.00000,-6.81000,5.13620
4496.90000,42849.00000,40.00000,-4.90000,5.09800
507.00000,39957.00000,40.00000,1108.30000,27.16600
509.30000,39857.00000,40.00000,987.84000,24.75680
511.80000,39757.00000,40.00000,894.13000,22.88260
513.00000,39657.00000,40.00000,738.73000,19.77460
513.00000,39557.00000,40.00000,1224.73000,29.49460
513.00000,39457.00000,40.00000,2239.45000,49.78900
511.00000,39357.00000,40.00000,1738.11000,39.76220
509.00000,39257.00000,40.00000,524.20000,15.48400
507.00000,39157.00000,40.00000,498.46000,14.96920
507.00000,39057.00000,40.00000,539.92000,15.79840
604.00000,39030.00000,40.00000,518.10000,15.36200
607.00000,39130.00000,40.00000,528.38000,15.56760
605.60000,39230.00000,40.00000,389.74000,12.79480
603.00000,39330.00000,40.00000,371.47000,12.42940
601.00000,39430.00000,40.00000,-308.07000,11.16140
595.80000,39529.00000,40.00000,1832.62000,41.65240
588.00000,39629.00000,40.00000,883.65000,22.67300
579.30000,39729.00000,40.00000,851.45000,22.02900
571.20000,39828.00000,40.00000,826.59000,21.53180
566.60000,39928.00000,40.00000,1049.64000,25.99280
706.00000,39949.00000,40.00000,1009.80000,25.19600
710.20000,39849.00000,40.00000,904.89000,23.09780
714.60000,39749.00000,40.00000,839.32000,21.78640
719.10000,39649.00000,40.00000,1790.80000,40.81600
721.10000,39549.00000,40.00000,1369.40000,32.38800
720.60000,39449.00000,40.00000,250.73000,10.01460
718.90000,39349.00000,40.00000,194.84000,8.89680
717.80000,39249.00000,40.00000,277.07000,10.54140
716.00000,39149.00000,40.00000,395.29000,12.90580
714.10000,39049.00000,40.00000,434.65000,13.69300
806.00000,39028.00000,40.00000,330.30000,11.60600
803.00000,39128.00000,40.00000,390.59000,12.81180
799.00000,39228.00000,40.00000,265.14000,10.30280
792.70000,39327.00000,40.00000,191.10000,8.82200
785.00000,39427.00000,40.00000,179.21000,8.58420
777.60000,39527.00000,40.00000,454.18000,14.08360
773.30000,39627.00000,40.00000,1855.47000,42.10940
770.00000,39727.00000,40.00000,1633.68000,37.67360
764.80000,39827.00000,40.00000,788.70000,20.77400
761.00000,39926.00000,40.00000,853.53000,22.07060
902.00000,39959.00000,40.00000,716.10000,19.32200
910.60000,39859.00000,40.00000,705.34000,19.10680
920.00000,39760.00000,40.00000,1072.63000,26.45260
930.50000,39660.00000,40.00000,300.64000,11.01280
939.80000,39561.00000,40.00000,279.22000,10.58440
944.30000,39461.00000,40.00000,186.81000,8.73620
946.00000,39361.00000,40.00000,177.35000,8.54700
946.00000,39261.00000,40.00000,190.98000,8.81960
942.80000,39161.00000,40.00000,220.33000,9.40660
934.10000,39061.00000,40.00000,230.60000,9.61200
988.00000,39029.00000,40.00000,165.20000,8.30400
985.10000,39129.00000,40.00000,210.93000,9.21860
985.00000,39229.00000,40.00000,189.64000,8.79280
985.90000,39329.00000,40.00000,177.78000,8.55560
988.80000,39429.00000,40.00000,177.56000,8.55120
992.00000,39529.00000,40.00000,164.51000,8.29020
994.40000,39629.00000,40.00000,178.79000,8.57580
996.00000,39729.00000,40.00000,499.35000,14.98700
994.90000,39829.00000,40.00000,764.48000,20.28960
992.60000,39928.00000,40.00000,622.11000,17.44220
1117.00000,39934.00000,40.00000,667.10000,18.34200
1119.00000,39834.00000,40.00000,890.82000,22.81640
1119.00000,39734.00000,40.00000,481.02000,14.62040
1119.20000,39634.00000,40.00000,189.13000,8.78260
1120.00000,39534.00000,40.00000,156.03000,8.12060
1120.00000,39434.00000,40.00000,163.18000,8.26360
1119.00000,39334.00000,40.00000,168.17000,8.36340
1118.00000,39234.00000,40.00000,193.41000,8.86820
1114.50000,39134.00000,40.00000,224.36000,9.48720
1108.10000,39034.00000,40.00000,159.34000,8.18680
1191.00000,39033.00000,40.00000,111.90000,7.23800
1185.40000,39133.00000,40.00000,174.93000,8.49860
1180.00000,39232.00000,40.00000,228.66000,9.57320
1174.00000,39332.00000,40.00000,181.97000,8.63940
1167.60000,39432.00000,40.00000,161.61000,8.23220
1162.00000,39532.00000,40.00000,159.55000,8.19100
1162.60000,39632.00000,40.00000,161.30000,8.22600
1167.60000,39732.00000,40.00000,271.66000,10.43320
1173.10000,39832.00000,40.00000,732.35000,19.64700
1178.10000,39931.00000,40.00000,674.88000,18.49760
1303.00000,39936.00000,40.00000,661.10000,18.22200
1299.30000,39836.00000,40.00000,423.90000,13.47800
1295.50000,39736.00000,40.00000,189.93000,8.79860
1292.90000,39636.00000,40.00000,152.39000,8.04780
1291.80000,39536.00000,40.00000,160.25000,8.20500
1293.00000,39436.00000,40.00000,173.03000,8.46060
1294.00000,39336.00000,40.00000,216.99000,9.33980
1294.00000,39236.00000,40.00000,248.09000,9.96180
1294.00000,39136.00000,40.00000,151.04000,8.02080
1292.80000,39036.00000,40.00000,117.72000,7.35440
1388.00000,39031.00000,40.00000,59.90000,6.19800
1387.00000,39131.00000,40.00000,127.92000,7.55840
1387.00000,39231.00000,40.00000,172.92000,8.45840
1386.00000,39331.00000,40.00000,266.71000,10.33420
1384.00000,39431.00000,40.00000,189.05000,8.78100
1381.20000,39531.00000,40.00000,152.67000,8.05340
1378.10000,39631.00000,40.00000,154.02000,8.08040
1374.00000,39731.00000,40.00000,159.05000,8.18100
1373.00000,39830.00000,40.00000,222.67000,9.45340
1373.70000,39930.00000,40.00000,581.83000,16.63660
1522.00000,39945.00000,40.00000,293.40000,10.86800
1524.10000,39845.00000,40.00000,189.43000,8.78860
1526.40000,39745.00000,40.00000,163.07000,8.26140
1529.00000,39645.00000,40.00000,170.26000,8.40520
1532.50000,39545.00000,40.00000,157.15000,8.14300
1535.60000,39445.00000,40.00000,199.78000,8.99560
1537.00000,39345.00000,40.00000,225.27000,9.50540
1536.00000,39245.00000,40.00000,101.28000,7.02560
1534.30000,39145.00000,40.00000,78.30000,6.56600
1530.80000,39045.00000,40.00000,46.60000,5.93200
1591.00000,39035.00000,40.00000,-4.90000,5.09800
1587.50000,39135.00000,40.00000,37.57000,5.75140
1584.90000,39235.00000,40.00000,70.26000,6.40520
1583.00000,39335.00000,40.00000,121.90000,7.43800
1581.30000,39435.00000,40.00000,220.42000,9.40840
1579.80000,39535.00000,40.00000,180.98000,8.61960
1575.50000,39634.00000,40.00000,167.62000,8.35240
1570.70000,39734.00000,40.00000,170.86000,8.41720
1568.80000,39834.00000,40.00000,161.27000,8.22540
1569.30000,39934.00000,40.00000,211.64000,9.23280
1701.00000,39934.00000,40.00000,199.00000,8.98000
1703.30000,39834.00000,40.00000,160.71000,8.21420
1706.70000,39734.00000,40.00000,173.18000,8.46360
1710.40000,39634.00000,40.00000,185.29000,8.70580
1715.10000,39534.00000,40.00000,233.35000,9.66700
1719.70000,39434.00000,40.00000,188.28000,8.76560
1725.20000,39334.00000,40.00000,112.98000,7.25960
1729.30000,39234.00000,40.00000,36.29000,5.72580
1732.00000,39134.00000,40.00000,-7.21000,5.14420
1733.00000,39034.00000,40.00000,-54.64000,6.09280
1794.00000,39029.00000,40.00000,-124.30000,7.48600
1795.00000,39129.00000,40.00000,-40.96000,5.81920
1794.00000,39229.00000,40.00000,5.62000,5.11240
1793.20000,39329.00000,40.00000,53.21000,6.06420
1793.00000,39429.00000,40.00000,159.66000,8.19320
1794.00000,39529.00000,40.00000,254.63000,10.09260
1795.10000,39629.00000,40.00000,217.52000,9.35040
1794.00000,39729.00000,40.00000,168.99000,8.37980
1791.20000,39829.00000,40.00000,154.68000,8.09360
1790.00000,39929.00000,40.00000,157.09000,8.14180
1902.00000,39938.00000,40.00000,144.30000,7.88600
1902.50000,39838.00000,40.00000,139.24000,7.78480
1907.30000,39738.00000,40.00000,163.02000,8.26040
1914.10000,39638.00000,40.00000,188.75000,8.77500
1919.80000,39538.00000,40.00000,230.21000,9.60420
1926.80000,39439.00000,40.00000,103.48000,7.06960
1933.70000,39339.00000,40.00000,37.57000,5.75140
1939.30000,39239.00000,40.00000,-9.13000,5.18260
1941.90000,39139.00000,40.00000,-105.99000,7.11980
1942.60000,39039.00000,40.00000,-247.05000,9.94100
1993.00000,39032.00000,40.00000,-396.70000,12.93400
1994.80000,39132.00000,40.00000,-187.36000,8.74720
1995.30000,39232.00000,40.00000,-48.29000,5.96580
1995.90000,39332.00000,40.00000,16.24000,5.32480
1994.00000,39432.00000,40.00000,59.51000,6.19020
1992.20000,39532.00000,40.00000,153.24000,8.06480
1989.30000,39632.00000,40.00000,198.86000,8.97720
1984.60000,39731.00000,40.00000,165.84000,8.31680
1976.60000,39831.00000,40.00000,149.24000,7.98480
1971.10000,39931.00000,40.00000,125.66000,7.51320
2110.00000,39954.00000,40.00000,107.40000,7.14800
2118.00000,39854.00000,40.00000,135.28000,7.70560
2128.00000,39755.00000,40.00000,160.84000,8.21680
2137.90000,39655.00000,40.00000,184.38000,8.68760
2146.90000,39556.00000,40.00000,161.19000,8.22380
2153.50000,39456.00000,40.00000,35.52000,5.71040
2157.00000,39356.00000,40.00000,-7.95000,5.15900
2153.70000,39256.00000,40.00000,-145.40000,7.90800
2138.20000,39157.00000,40.00000,-251.75000,10.03500
2120.10000,39059.00000,40.00000,-347.24000,11.94480
2202.00000,39032.00000,40.00000,525.30000,15.50600
2200.20000,39132.00000,40.00000,-173.36000,8.46720
2198.50000,39232.00000,40.00000,-181.67000,8.63340
2196.80000,39332.00000,40.00000,-87.66000,6.75320
2193.00000,39432.00000,40.00000,6.46000,5.12920
2189.30000,39532.00000,40.00000,61.28000,6.22560
2185.10000,39631.00000,40.00000,110.16000,7.20320
2180.30000,39731.00000,40.00000,186.72000,8.73440
2173.90000,39831.00000,40.00000,161.38000,8.22760
2169.00000,39931.00000,40.00000,115.91000,7.31820
2310.00000,39968.00000,40.00000,97.00000,6.94000
2317.00000,39868.00000,40.00000,114.02000,7.28040
2326.10000,39768.00000,40.00000,164.78000,8.29560
2334.50000,39669.00000,40.00000,126.20000,7.52400
2342.00000,39569.00000,40.00000,35.31000,5.70620
2346.00000,39469.00000,40.00000,-19.53000,5.39060
2345.90000,39369.00000,40.00000,-99.82000,6.99640
2341.60000,39269.00000,40.00000,-273.08000,10.46160
2332.50000,39170.00000,40.00000,-379.18000,12.58360
2321.50000,39070.00000,40.00000,-186.25000,8.72500
2391.00000,39028.00000,40.00000,47.80000,5.95600
2398.00000,39127.00000,40.00000,-180.10000,8.60200
2403.80000,39227.00000,40.00000,-398.01000,12.96020
2407.80000,39327.00000,40.00000,-235.02000,9.70040
2410.60000,39427.00000,40.00000,-90.74000,6.81480
2411.00000,39527.00000,40.00000,-3.57000,5.07140
2410.00000,39627.00000,40.00000,39.34000,5.78680
2409.00000,39727.00000,40.00000,132.17000,7.64340
2408.30000,39827.00000,40.00000,140.95000,7.81900
2404.60000,39927.00000,40.00000,96.48000,6.92960
2485.00000,39937.00000,40.00000,94.00000,6.88000
2485.00000,39837.00000,40.00000,103.79000,7.07580
2488.20000,39737.00000,40.00000,121.50000,7.43000
2496.80000,39637.00000,40.00000,30.45000,5.60900
2505.50000,39538.00000,40.00000,-26.88000,5.53760
2511.80000,39438.00000,40.00000,-106.85000,7.13700
2518.40000,39338.00000,40.00000,-184.04000,8.68080
2525.00000,39238.00000,40.00000,-328.83000,11.57660
2529.30000,39138.00000,40.00000,-166.41000,8.32820
2532.00000,39038.00000,40.00000,91.15000,6.82300
2598.00000,39034.00000,40.00000,924.00000,23.48000
2595.10000,39134.00000,40.00000,80.38000,6.60760
2594.30000,39234.00000,40.00000,-283.95000,10.67900
2593.60000,39334.00000,40.00000,-79.49000,6.58980
2592.00000,39434.00000,40.00000,-168.32000,8.36640
2592.00000,39534.00000,40.00000,-90.72000,6.81440
2591.00000,39634.00000,40.00000,-35.05000,5.70100
2593.00000,39734.00000,40.00000,48.02000,5.96040
2592.80000,39834.00000,40.00000,116.54000,7.33080
2589.30000,39934.00000,40.00000,75.71000,6.51420
2688.00000,39921.00000,40.00000,76.40000,6.52800
2688.00000,39821.00000,40.00000,91.59000,6.83180
2688.00000,39721.00000,40.00000,40.60000,5.81200
2688.90000,39621.00000,40.00000,-47.34000,5.94680
2694.50000,39521.00000,40.00000,-131.85000,7.63700
2701.10000,39421.00000,40.00000,-203.38000,9.06760
2707.80000,39321.00000,40.00000,-52.26000,6.04520
2714.50000,39222.00000,40.00000,-30.03000,5.60060
2718.60000,39122.00000,40.00000,804.98000,21.09960
2798.00000,39036.00000,40.00000,1523.90000,35.47800
2798.60000,39136.00000,40.00000,1169.07000,28.38140
2800.00000,39236.00000,40.00000,147.81000,7.95620
2801.00000,39336.00000,40.00000,-18.30000,5.36600
2802.80000,39436.00000,40.00000,-34.12000,5.68240
2804.50000,39536.00000,40.00000,-210.26000,9.20520
2809.20000,39636.00000,40.00000,-113.11000,7.26220
2814.50000,39735.00000,40.00000,-8.83000,5.17660
2813.00000,39835.00000,40.00000,75.29000,6.50580
2806.90000,39935.00000,40.00000,59.50000,6.19000
2898.00000,39933.00000,40.00000,50.50000,6.01000
2898.10000,39833.00000,40.00000,73.48000,6.46960
2902.30000,39733.00000,40.00000,-46.61000,5.93220
2905.00000,39633.00000,40.00000,-155.91000,8.11820
2909.60000,39533.00000,40.00000,-259.34000,10.18680
2913.60000,39433.00000,40.00000,526.77000,15.53540
2918.10000,39333.00000,40.00000,-15.48000,5.30960
2921.80000,39233.00000,40.00000,138.88000,7.77760
2924.50000,39133.00000,40.00000,836.76000,21.73520
2927.10000,39033.00000,40.00000,1771.86000,40.43720
3004.00000,39030.00000,40.00000,1771.30000,40.42600
3002.00000,39130.00000,40.00000,1499.70000,34.99400
3000.10000,39230.00000,40.00000,639.18000,17.78360
2999.00000,39330.00000,40.00000,241.26000,9.82520
2998.70000,39430.00000,40.00000,114.80000,7.29600
2998.00000,39530.00000,40.00000,318.21000,11.36420
2999.00000,39630.00000,40.00000,-223.37000,9.46740
3000.40000,39730.00000,40.00000,-127.33000,7.54660
3005.30000,39829.00000,40.00000,-0.74000,5.01480
3005.10000,39929.00000,40.00000,-17.15000,5.34300
3080.00000,39964.00000,40.00000,48.90000,5.97800
3082.40000,39864.00000,40.00000,-14.17000,5.28340
3084.00000,39764.00000,40.00000,-129.12000,7.58240
3085.60000,39664.00000,40.00000,-106.75000,7.13500
3088.50000,39564.00000,40.00000,144.30000,7.88600
3091.50000,39464.00000,40.00000,104.77000,7.09540
3096.30000,39364.00000,40.00000,440.75000,13.81500
3101.80000,39264.00000,40.00000,1035.90000,25.71800
3106.80000,39164.00000,40.00000,1472.16000,34.44320
3110.60000,39064.00000,40.00000,2511.04000,55.22080
3173.00000,39950.00000,40.00000,379.90000,12.59800
3168.50000,39850.00000,40.00000,25.52000,5.51040
3165.20000,39750.00000,40.00000,-172.99000,8.45980
3162.80000,39650.00000,40.00000,115.77000,7.31540
3165.30000,39550.00000,40.00000,167.21000,8.34420
3171.50000,39450.00000,40.00000,157.42000,8.14840
3182.50000,39351.00000,40.00000,493.68000,14.87360
3191.70000,39252.00000,40.00000,893.67000,22.87340
3201.40000,39152.00000,40.00000,1202.47000,29.04940
3210.60000,39053.00000,40.00000,928.20000,23.56400
3289.00000,39032.00000,40.00000,-11.40000,5.22800
3290.60000,39132.00000,40.00000,1087.26000,26.74520
3291.00000,39232.00000,40.00000,588.46000,16.76920
3291.00000,39332.00000,40.00000,142.99000,7.85980
3292.00000,39432.00000,40.00000,113.60000,7.27200
3293.00000,39532.00000,40.00000,37.27000,5.74540
3294.00000,39632.00000,40.00000,14.25000,5.28500
3295.00000,39732.00000,40.00000,-236.08000,9.72160
3295.00000,39832.00000,40.00000,-68.93000,6.37860
3296.00000,39932.00000,40.00000,2737.58000,59.75160
3399.00000,39962.00000,40.00000,2932.50000,63.65000
3399.00000,39862.00000,40.00000,1478.86000,34.57720
3398.10000,39762.00000,40.00000,-86.39000,6.72780
3397.90000,39662.00000,40.00000,-186.73000,8.73460
3397.60000,39562.00000,40.00000,-74.58000,6.49160
3401.10000,39462.00000,40.00000,-42.09000,5.84180
3406.30000,39362.00000,40.00000,-85.92000,6.71840
3413.90000,39262.00000,40.00000,-59.50000,6.19000
3420.10000,39162.00000,40.00000,537.43000,15.74860
3424.10000,39063.00000,40.00000,-39.65000,5.79300
3482.00000,39042.00000,40.00000,-89.80000,6.79600
3484.50000,39142.00000,40.00000,-15.05000,5.30100
3488.40000,39242.00000,40.00000,107.01000,7.14020
3492.20000,39342.00000,40.00000,-118.31000,7.36620
3496.90000,39441.00000,40.00000,-96.20000,6.92400
3502.60000,39541.00000,40.00000,-79.07000,6.58140
3504.50000,39641.00000,40.00000,-138.23000,7.76460
3502.00000,39741.00000,40.00000,-211.42000,9.22840
3502.50000,39841.00000,40.00000,1652.93000,38.05860
3504.40000,39941.00000,40.00000,1469.82000,34.39640
3611.00000,39947.00000,40.00000,971.10000,24.42200
3606.10000,39847.00000,40.00000,953.89000,24.07780
3602.00000,39747.00000,40.00000,34.14000,5.68280
3603.00000,39647.00000,40.00000,-70.31000,6.40620
3605.00000,39547.00000,40.00000,-80.98000,6.61960
3603.50000,39447.00000,40.00000,-92.01000,6.84020
3604.10000,39347.00000,40.00000,-72.19000,6.44380
3608.50000,39247.00000,40.00000,97.82000,6.95640
3613.20000,39147.00000,40.00000,-26.93000,5.53860
3618.00000,39047.00000,40.00000,-52.08000,6.04160
3697.00000,39036.00000,40.00000,-44.80000,5.89600
3702.00000,39136.00000,40.00000,-53.91000,6.07820
3706.00000,39236.00000,40.00000,-34.94000,5.69880
3708.80000,39335.00000,40.00000,-7.98000,5.15960
3709.00000,39435.00000,40.00000,-85.85000,6.71700
3704.50000,39535.00000,40.00000,-43.14000,5.86280
3700.40000,39635.00000,40.00000,-75.84000,6.51680
3694.70000,39735.00000,40.00000,-27.46000,5.54920
3688.30000,39835.00000,40.00000,377.77000,12.55540
3682.00000,39935.00000,40.00000,1069.13000,26.38260
3810.00000,39934.00000,40.00000,1350.50000,32.01000
3811.00000,39834.00000,40.00000,405.32000,13.10640
3811.00000,39734.00000,40.00000,52.28000,6.04560
3811.00000,39634.00000,40.00000,-7.18000,5.14360
3809.50000,39534.00000,40.00000,-15.39000,5.30780
3806.20000,39434.00000,40.00000,-54.54000,6.09080
3803.80000,39334.00000,40.00000,-16.30000,5.32600
3799.60000,39234.00000,40.00000,-29.94000,5.59880
3794.40000,39134.00000,40.00000,-35.37000,5.70740
3791.80000,39034.00000,40.00000,-34.21000,5.68420
3893.00000,39034.00000,40.00000,-20.60000,5.41200
3898.50000,39134.00000,40.00000,-21.91000,5.43820
3902.90000,39233.00000,40.00000,-29.81000,5.59620
3905.60000,39333.00000,40.00000,173.04000,8.46080
3905.80000,39433.00000,40.00000,-12.05000,5.24100
3905.00000,39533.00000,40.00000,-21.96000,5.43920
3903.30000,39633.00000,40.00000,-16.09000,5.32180
3897.90000,39733.00000,40.00000,9.99000,5.19980
3889.00000,39833.00000,40.00000,134.21000,7.68420
3881.80000,39933.00000,40.00000,1243.45000,29.86900
4015.00000,39955.00000,40.00000,1355.80000,32.11600
4009.60000,39855.00000,40.00000,604.42000,17.08840
4004.70000,39755.00000,40.00000,15.56000,5.31120
4000.30000,39655.00000,40.00000,-3.52000,5.07040
3988.50000,39556.00000,40.00000,-6.74000,5.13480
3979.60000,39457.00000,40.00000,-56.22000,6.12440
3976.00000,39357.00000,40.00000,180.25000,8.60500
3976.50000,39257.00000,40.00000,-17.93000,5.35860
3980.10000,39157.00000,40.00000,-24.21000,5.48420
3985.30000,39057.00000,40.00000,-9.96000,5.19920
4099.00000,39035.00000,40.00000,17.10000,5.34200
4104.00000,39135.00000,40.00000,5.32000,5.10640
4109.00000,39234.00000,40.00000,-12.11000,5.24220
4111.00000,39334.00000,40.00000,-23.83000,5.47660
4112.10000,39434.00000,40.00000,49.04000,5.98080
4114.00000,39534.00000,40.00000,-58.92000,6.17840
4110.20000,39634.00000,40.00000,47.93000,5.95860
4105.30000,39734.00000,40.00000,64.71000,6.29420
4101.50000,39834.00000,40.00000,41.99000,5.83980
4096.60000,39934.00000,40.00000,854.68000,22.09360
4205.00000,39968.00000,40.00000,1417.80000,33.35600
4204.00000,39868.00000,40.00000,40.75000,5.81500
4203.90000,39768.00000,40.00000,6.01000,5.12020
4205.60000,39668.00000,40.00000,185.37000,8.70740
4206.00000,39568.00000,40.00000,152.97000,8.05940
4203.20000,39468.00000,40.00000,-3.98000,5.07960
4203.10000,39368.00000,40.00000,1.60000,5.03200
4204.80000,39268.00000,40.00000,-24.50000,5.49000
4206.00000,39168.00000,40.00000,4.60000,5.09200
4206.00000,39068.00000,40.00000,27.06000,5.54120
4320.00000,39036.00000,40.00000,65.10000,6.30200
4320.60000,39136.00000,40.00000,45.80000,5.91600
4321.00000,39236.00000,40.00000,1.52000,5.03040
4318.00000,39336.00000,40.00000,-51.77000,6.03540
4313.50000,39436.00000,40.00000,38.91000,5.77820
4308.50000,39535.00000,40.00000,543.65000,15.87300
4305.60000,39635.00000,40.00000,996.68000,24.93360
4304.00000,39735.00000,40.00000,72.95000,6.45900
4301.60000,39835.00000,40.00000,-246.00000,9.92000
4297.90000,39935.00000,40.00000,-187.81000,8.75620
4399.00000,39950.00000,40.00000,22.00000,5.44000
4399.00000,39850.00000,40.00000,-290.12000,10.80240
4399.00000,39750.00000,40.00000,-203.50000,9.07000
4399.80000,39650.00000,40.00000,449.50000,13.99000
4402.10000,39550.00000,40.00000,1377.21000,32.54420
4405.20000,39450.00000,40.00000,378.65000,12.57300
4410.50000,39350.00000,40.00000,-25.32000,5.50640
4418.10000,39250.00000,40.00000,2.60000,5.05200
4422.80000,39150.00000,40.00000,50.31000,6.00620
4417.70000,39051.00000,40.00000,73.61000,6.47220
4491.00000,39033.00000,40.00000,105.80000,7.11600
4494.90000,39133.00000,40.00000,79.48000,6.58960
4498.90000,39233.00000,40.00000,53.68000,6.07360
4501.00000,39333.00000,40.00000,12.96000,5.25920
4500.00000,39433.00000,40.00000,-46.59000,5.93180
4497.10000,39533.00000,40.00000,317.88000,11.35760
4493.90000,39632.00000,40.00000,528.09000,15.56180
4491.10000,39732.00000,40.00000,-109.41000,7.18820
4488.10000,39832.00000,40.00000,-222.19000,9.44380
4484.80000,39932.00000,40.00000,-233.89000,9.67780
