station_id,x_m,y_m,z_m,g,unit,uncertainty,quality_flag,gravity_type
ST_0000,0.0,0.0,0.0,0.017206959539312304,mGal,0.02,OK,synthetic_demo
ST_0001,0.0,0.0,25.0,0.07576082713372172,mGal,0.02,OK,synthetic_demo
ST_0002,0.0,0.0,50.0,0.10604589985920529,mGal,0.02,OK,synthetic_demo
ST_0003,0.0,0.0,75.0,0.09891252486212702,mGal,0.02,OK,synthetic_demo
ST_0004,0.0,0.0,100.0,0.11027680262846078,mGal,0.02,OK,synthetic_demo
ST_0005,0.0,0.0,125.0,0.09881978764674647,mGal,0.02,OK,synthetic_demo
ST_0006,0.0,0.0,150.0,0.10854323449968534,mGal,0.02,OK,synthetic_demo
ST_0007,0.0,0.0,175.0,0.09114779930684444,mGal,0.02,OK,synthetic_demo
ST_0008,0.0,0.0,200.0,0.11468081161491313,mGal,0.02,OK,synthetic_demo
ST_0009,0.0,0.0,225.0,0.13757239617989214,mGal,0.02,OK,synthetic_demo
ST_0010,0.0,0.0,250.0,0.14944839609940186,mGal,0.02,OK,synthetic_demo
ST_0011,0.0,0.0,275.0,0.16324922267158923,mGal,0.02,OK,synthetic_demo
ST_0012,0.0,0.0,300.0,0.139823844905052,mGal,0.02,WARNING,synthetic_demo
ST_0013,0.0,0.0,325.0,0.18390254444145793,mGal,0.02,OK,synthetic_demo
ST_0014,0.0,0.0,350.0,0.15273137888891303,mGal,0.02,OK,synthetic_demo
ST_0015,0.0,0.0,375.0,0.18388221583082445,mGal,0.02,OK,synthetic_demo
ST_0016,0.0,0.0,400.0,0.16707923883584205,mGal,0.02,OK,synthetic_demo
ST_0017,0.0,0.0,425.0,0.148247785162039,mGal,0.02,OK,synthetic_demo
ST_0018,0.0,0.0,450.0,0.14534107193118317,mGal,0.02,OK,synthetic_demo
ST_0019,0.0,0.0,475.0,0.1378639153589428,mGal,0.02,OK,synthetic_demo
ST_0020,0.0,0.0,500.0,0.11177243233631187,mGal,0.02,OK,synthetic_demo
ST_0021,0.0,0.0,525.0,0.14261268594042303,mGal,0.02,OK,synthetic_demo
ST_0022,0.0,0.0,550.0,0.123867376164008,mGal,0.02,OK,synthetic_demo
ST_0023,0.0,0.0,575.0,0.08989417471749425,mGal,0.02,OK,synthetic_demo
ST_0024,0.0,0.0,600.0,0.07927069887165969,mGal,0.02,OK,synthetic_demo
ST_0025,0.0,0.0,625.0,0.11216505255456817,mGal,0.02,OK,synthetic_demo
ST_0026,0.0,0.0,650.0,0.06639202233582767,mGal,0.02,OK,synthetic_demo
ST_0027,0.0,0.0,675.0,0.09632479813927604,mGal,0.02,OK,synthetic_demo
ST_0028,0.0,0.0,700.0,0.09758417874769365,mGal,0.02,OK,synthetic_demo
ST_0029,0.0,0.0,725.0,0.045944795882809836,mGal,0.02,OK,synthetic_demo
ST_0030,0.0,0.0,750.0,0.08018291882104875,mGal,0.02,OK,synthetic_demo
ST_0031,0.0,0.0,775.0,0.10585917442006088,mGal,0.02,OK,synthetic_demo
ST_0032,0.0,0.0,800.0,0.048606615790564384,mGal,0.02,OK,synthetic_demo
ST_0033,25.0,0.0,0.0,0.08528666711881182,mGal,0.02,OK,synthetic_demo
ST_0034,25.0,0.0,25.0,0.0718955711954581,mGal,0.02,OK,synthetic_demo
ST_0035,25.0,0.0,50.0,0.08939793760643616,mGal,0.02,OK,synthetic_demo
ST_0036,25.0,0.0,75.0,0.10052384750973495,mGal,0.02,OK,synthetic_demo
ST_0037,25.0,0.0,100.0,0.14639040031946982,mGal,0.02,OK,synthetic_demo
ST_0038,25.0,0.0,125.0,0.13575987022016148,mGal,0.02,OK,synthetic_demo
ST_0039,25.0,0.0,150.0,0.12311505071784132,mGal,0.02,OK,synthetic_demo
ST_0040,25.0,0.0,175.0,0.0959165807240567,mGal,0.02,OK,synthetic_demo
ST_0041,25.0,0.0,200.0,0.11624054011417194,mGal,0.02,OK,synthetic_demo
ST_0042,25.0,0.0,225.0,0.19116697780780353,mGal,0.02,OK,synthetic_demo
ST_0043,25.0,0.0,250.0,0.1837950263194022,mGal,0.02,OK,synthetic_demo
ST_0044,25.0,0.0,275.0,0.15063449104406287,mGal,0.02,OK,synthetic_demo
ST_0045,25.0,0.0,300.0,0.14422702716580196,mGal,0.02,OK,synthetic_demo
ST_0046,25.0,0.0,325.0,0.13736868931357707,mGal,0.02,OK,synthetic_demo
ST_0047,25.0,0.0,350.0,0.1843048000439781,mGal,0.02,OK,synthetic_demo
ST_0048,25.0,0.0,375.0,0.1618357365814154,mGal,0.02,OK,synthetic_demo
ST_0049,25.0,0.0,400.0,0.18891880737853212,mGal,0.02,OK,synthetic_demo
ST_0050,25.0,0.0,425.0,0.16339947615740824,mGal,0.02,OK,synthetic_demo
ST_0051,25.0,0.0,450.0,0.17648906278924403,mGal,0.02,OK,synthetic_demo
ST_0052,25.0,0.0,475.0,0.17471120851254798,mGal,0.02,OK,synthetic_demo
ST_0053,25.0,0.0,500.0,0.17365744633238045,mGal,0.02,OK,synthetic_demo
ST_0054,25.0,0.0,525.0,0.20826471446022288,mGal,0.02,OK,synthetic_demo
ST_0055,25.0,0.0,550.0,0.1773800252407659,mGal,0.02,OK,synthetic_demo
ST_0056,25.0,0.0,575.0,0.1528510956988064,mGal,0.02,OK,synthetic_demo
ST_0057,25.0,0.0,600.0,0.15670043733718164,mGal,0.02,OK,synthetic_demo
ST_0058,25.0,0.0,625.0,0.12888868591346553,mGal,0.02,OK,synthetic_demo
ST_0059,25.0,0.0,650.0,0.1245802853388952,mGal,0.02,OK,synthetic_demo
ST_0060,25.0,0.0,675.0,0.12332155923357273,mGal,0.02,OK,synthetic_demo
ST_0061,25.0,0.0,700.0,0.08597382220213029,mGal,0.02,OK,synthetic_demo
ST_0062,25.0,0.0,725.0,0.097992660556773,mGal,0.02,OK,synthetic_demo
ST_0063,25.0,0.0,750.0,0.07692731209222076,mGal,0.02,OK,synthetic_demo
ST_0064,25.0,0.0,775.0,0.0889078341926711,mGal,0.02,OK,synthetic_demo
ST_0065,25.0,0.0,800.0,0.07046369516418588,mGal,0.02,OK,synthetic_demo
ST_0066,50.0,0.0,0.0,0.06431317610295709,mGal,0.02,OK,synthetic_demo
ST_0067,50.0,0.0,25.0,0.112871468332818,mGal,0.02,OK,synthetic_demo
ST_0068,50.0,0.0,50.0,0.05836089425614841,mGal,0.02,OK,synthetic_demo
ST_0069,50.0,0.0,75.0,0.09917578622976864,mGal,0.02,OK,synthetic_demo
ST_0070,50.0,0.0,100.0,0.12115737160641488,mGal,0.02,OK,synthetic_demo
ST_0071,50.0,0.0,125.0,0.16186425723585104,mGal,0.02,OK,synthetic_demo
ST_0072,50.0,0.0,150.0,0.1490482646856995,mGal,0.02,OK,synthetic_demo
ST_0073,50.0,0.0,175.0,0.1585785107487369,mGal,0.02,OK,synthetic_demo
ST_0074,50.0,0.0,200.0,0.1853851847203421,mGal,0.02,OK,synthetic_demo
ST_0075,50.0,0.0,225.0,0.22109369778189802,mGal,0.02,OK,synthetic_demo
ST_0076,50.0,0.0,250.0,0.17952847621863025,mGal,0.02,OK,synthetic_demo
ST_0077,50.0,0.0,275.0,0.23511981241934282,mGal,0.02,OK,synthetic_demo
ST_0078,50.0,0.0,300.0,0.21388680407074695,mGal,0.02,OK,synthetic_demo
ST_0079,50.0,0.0,325.0,0.2444962638796393,mGal,0.02,OK,synthetic_demo
ST_0080,50.0,0.0,350.0,0.23239244352149865,mGal,0.02,OK,synthetic_demo
ST_0081,50.0,0.0,375.0,0.22442753135366128,mGal,0.02,OK,synthetic_demo
ST_0082,50.0,0.0,400.0,0.1724450837582427,mGal,0.02,OK,synthetic_demo
ST_0083,50.0,0.0,425.0,0.2274609707978586,mGal,0.02,OK,synthetic_demo
ST_0084,50.0,0.0,450.0,0.17318073128702183,mGal,0.02,OK,synthetic_demo
ST_0085,50.0,0.0,475.0,0.18226485674552856,mGal,0.02,OK,synthetic_demo
ST_0086,50.0,0.0,500.0,0.18726251198015864,mGal,0.02,OK,synthetic_demo
ST_0087,50.0,0.0,525.0,0.19045116200888487,mGal,0.02,OK,synthetic_demo
ST_0088,50.0,0.0,550.0,0.19157669422878013,mGal,0.02,OK,synthetic_demo
ST_0089,50.0,0.0,575.0,0.17604682508545244,mGal,0.02,OK,synthetic_demo
ST_0090,50.0,0.0,600.0,0.16316339468925167,mGal,0.02,OK,synthetic_demo
ST_0091,50.0,0.0,625.0,0.11906279820692517,mGal,0.02,OK,synthetic_demo
ST_0092,50.0,0.0,650.0,0.10733645352852451,mGal,0.02,OK,synthetic_demo
ST_0093,50.0,0.0,675.0,0.12617723229729783,mGal,0.02,OK,synthetic_demo
ST_0094,50.0,0.0,700.0,0.10732780537051512,mGal,0.02,OK,synthetic_demo
ST_0095,50.0,0.0,725.0,0.09499368551961714,mGal,0.02,OK,synthetic_demo
ST_0096,50.0,0.0,750.0,0.10271918740215001,mGal,0.02,OK,synthetic_demo
ST_0097,50.0,0.0,775.0,0.08465318160031146,mGal,0.02,OK,synthetic_demo
ST_0098,50.0,0.0,800.0,0.08823903249640139,mGal,0.02,OK,synthetic_demo
ST_0099,75.0,0.0,0.0,0.09501381966286311,mGal,0.02,OK,synthetic_demo
ST_0100,75.0,0.0,25.0,0.06734344133942043,mGal,0.02,OK,synthetic_demo
ST_0101,75.0,0.0,50.0,0.10231848753048971,mGal,0.02,OK,synthetic_demo
ST_0102,75.0,0.0,75.0,0.10667837220278953,mGal,0.02,OK,synthetic_demo
ST_0103,75.0,0.0,100.0,0.1171559686739995,mGal,0.02,OK,synthetic_demo
ST_0104,75.0,0.0,125.0,0.13662746661347494,mGal,0.02,OK,synthetic_demo
ST_0105,75.0,0.0,150.0,0.13773867676673482,mGal,0.02,OK,synthetic_demo
ST_0106,75.0,0.0,175.0,0.18328157737737563,mGal,0.02,OK,synthetic_demo
ST_0107,75.0,0.0,200.0,0.20017307962381492,mGal,0.02,OK,synthetic_demo
ST_0108,75.0,0.0,225.0,0.17545428462048512,mGal,0.02,OK,synthetic_demo
ST_0109,75.0,0.0,250.0,0.22302699015553965,mGal,0.02,OK,synthetic_demo
ST_0110,75.0,0.0,275.0,0.19700331763715184,mGal,0.02,OK,synthetic_demo
ST_0111,75.0,0.0,300.0,0.22578912031416964,mGal,0.02,OK,synthetic_demo
ST_0112,75.0,0.0,325.0,0.24254759536496437,mGal,0.02,OK,synthetic_demo
ST_0113,75.0,0.0,350.0,0.23767762179891688,mGal,0.02,OK,synthetic_demo
ST_0114,75.0,0.0,375.0,0.22487281192176145,mGal,0.02,OK,synthetic_demo
ST_0115,75.0,0.0,400.0,0.24149026968607104,mGal,0.02,OK,synthetic_demo
ST_0116,75.0,0.0,425.0,0.2589453183540292,mGal,0.02,OK,synthetic_demo
ST_0117,75.0,0.0,450.0,0.2493388805611213,mGal,0.02,OK,synthetic_demo
ST_0118,75.0,0.0,475.0,0.2081780615345003,mGal,0.02,OK,synthetic_demo
ST_0119,75.0,0.0,500.0,0.21805553248962922,mGal,0.02,OK,synthetic_demo
ST_0120,75.0,0.0,525.0,0.19910883305928995,mGal,0.02,OK,synthetic_demo
ST_0121,75.0,0.0,550.0,0.20063831755997355,mGal,0.02,OK,synthetic_demo
ST_0122,75.0,0.0,575.0,0.18154652975858793,mGal,0.02,OK,synthetic_demo
ST_0123,75.0,0.0,600.0,0.17662473756797542,mGal,0.02,OK,synthetic_demo
ST_0124,75.0,0.0,625.0,0.190395014665658,mGal,0.02,OK,synthetic_demo
ST_0125,75.0,0.0,650.0,0.16613833617326373,mGal,0.02,OK,synthetic_demo
ST_0126,75.0,0.0,675.0,0.13235902912791056,mGal,0.02,OK,synthetic_demo
ST_0127,75.0,0.0,700.0,0.12279226173477273,mGal,0.02,OK,synthetic_demo
ST_0128,75.0,0.0,725.0,0.12521681795203823,mGal,0.02,OK,synthetic_demo
ST_0129,75.0,0.0,750.0,0.1123775096640583,mGal,0.02,OK,synthetic_demo
ST_0130,75.0,0.0,775.0,0.07845478430405181,mGal,0.02,OK,synthetic_demo
ST_0131,75.0,0.0,800.0,0.0745857547953867,mGal,0.02,OK,synthetic_demo
ST_0132,100.0,0.0,0.0,0.0953769088804731,mGal,0.02,OK,synthetic_demo
ST_0133,100.0,0.0,25.0,0.09726754031207807,mGal,0.02,OK,synthetic_demo
ST_0134,100.0,0.0,50.0,0.12446212845153033,mGal,0.02,OK,synthetic_demo
ST_0135,100.0,0.0,75.0,0.12305236909582717,mGal,0.02,OK,synthetic_demo
ST_0136,100.0,0.0,100.0,0.1691444615365837,mGal,0.02,OK,synthetic_demo
ST_0137,100.0,0.0,125.0,0.16082239137127424,mGal,0.02,OK,synthetic_demo
ST_0138,100.0,0.0,150.0,0.1535982723191,mGal,0.02,OK,synthetic_demo
ST_0139,100.0,0.0,175.0,0.16790114594381716,mGal,0.02,OK,synthetic_demo
ST_0140,100.0,0.0,200.0,0.173307616724134,mGal,0.02,OK,synthetic_demo
ST_0141,100.0,0.0,225.0,0.21051822743777218,mGal,0.02,OK,synthetic_demo
ST_0142,100.0,0.0,250.0,0.21186928921078496,mGal,0.02,OK,synthetic_demo
ST_0143,100.0,0.0,275.0,0.2839073239489829,mGal,0.02,OK,synthetic_demo
ST_0144,100.0,0.0,300.0,0.250747520165834,mGal,0.02,OK,synthetic_demo
ST_0145,100.0,0.0,325.0,0.27168686504791406,mGal,0.02,OK,synthetic_demo
ST_0146,100.0,0.0,350.0,0.2917032811235135,mGal,0.02,OK,synthetic_demo
ST_0147,100.0,0.0,375.0,0.2628436902750914,mGal,0.02,OK,synthetic_demo
ST_0148,100.0,0.0,400.0,0.2854566698694327,mGal,0.02,OK,synthetic_demo
ST_0149,100.0,0.0,425.0,0.288369600673073,mGal,0.02,OK,synthetic_demo
ST_0150,100.0,0.0,450.0,0.2896801079847614,mGal,0.02,OK,synthetic_demo
ST_0151,100.0,0.0,475.0,0.24573392028088678,mGal,0.02,OK,synthetic_demo
ST_0152,100.0,0.0,500.0,0.2594165835425005,mGal,0.02,OK,synthetic_demo
ST_0153,100.0,0.0,525.0,0.22498597710168236,mGal,0.02,OK,synthetic_demo
ST_0154,100.0,0.0,550.0,0.22616513480757244,mGal,0.02,OK,synthetic_demo
ST_0155,100.0,0.0,575.0,0.22643607279968322,mGal,0.02,OK,synthetic_demo
ST_0156,100.0,0.0,600.0,0.22417818199233233,mGal,0.02,OK,synthetic_demo
ST_0157,100.0,0.0,625.0,0.16373045653961546,mGal,0.02,OK,synthetic_demo
ST_0158,100.0,0.0,650.0,0.15232724334450554,mGal,0.02,OK,synthetic_demo
ST_0159,100.0,0.0,675.0,0.16882152169693188,mGal,0.02,OK,synthetic_demo
ST_0160,100.0,0.0,700.0,0.1480938199097535,mGal,0.02,OK,synthetic_demo
ST_0161,100.0,0.0,725.0,0.10335024564548248,mGal,0.02,OK,synthetic_demo
ST_0162,100.0,0.0,750.0,0.14883173064098928,mGal,0.02,OK,synthetic_demo
ST_0163,100.0,0.0,775.0,0.1308968146390995,mGal,0.02,OK,synthetic_demo
ST_0164,100.0,0.0,800.0,0.09858660713823646,mGal,0.02,OK,synthetic_demo
ST_0165,125.0,0.0,0.0,0.0928010854752781,mGal,0.02,OK,synthetic_demo
ST_0166,125.0,0.0,25.0,0.12353595244880687,mGal,0.02,OK,synthetic_demo
ST_0167,125.0,0.0,50.0,0.1618115452430117,mGal,0.02,OK,synthetic_demo
ST_0168,125.0,0.0,75.0,0.12102838651722472,mGal,0.02,OK,synthetic_demo
ST_0169,125.0,0.0,100.0,0.15902489888777788,mGal,0.02,OK,synthetic_demo
ST_0170,125.0,0.0,125.0,0.21352822661024598,mGal,0.02,OK,synthetic_demo
ST_0171,125.0,0.0,150.0,0.19131187224489132,mGal,0.02,OK,synthetic_demo
ST_0172,125.0,0.0,175.0,0.21789815985677108,mGal,0.02,OK,synthetic_demo
ST_0173,125.0,0.0,200.0,0.25479252781848627,mGal,0.02,OK,synthetic_demo
ST_0174,125.0,0.0,225.0,0.27462580558028776,mGal,0.02,OK,synthetic_demo
ST_0175,125.0,0.0,250.0,0.25010090016053177,mGal,0.02,OK,synthetic_demo
ST_0176,125.0,0.0,275.0,0.2984885689937602,mGal,0.02,OK,synthetic_demo
ST_0177,125.0,0.0,300.0,0.3333990241968357,mGal,0.02,OK,synthetic_demo
ST_0178,125.0,0.0,325.0,0.2971433323294035,mGal,0.02,OK,synthetic_demo
ST_0179,125.0,0.0,350.0,0.308264786954395,mGal,0.02,OK,synthetic_demo
ST_0180,125.0,0.0,375.0,0.3587924150899233,mGal,0.02,OK,synthetic_demo
ST_0181,125.0,0.0,400.0,0.3175889314867921,mGal,0.02,OK,synthetic_demo
ST_0182,125.0,0.0,425.0,0.3198593681336312,mGal,0.02,OK,synthetic_demo
ST_0183,125.0,0.0,450.0,0.3156893131114238,mGal,0.02,OK,synthetic_demo
ST_0184,125.0,0.0,475.0,0.32086763329401574,mGal,0.02,OK,synthetic_demo
ST_0185,125.0,0.0,500.0,0.308158513044562,mGal,0.02,OK,synthetic_demo
ST_0186,125.0,0.0,525.0,0.2878090074904827,mGal,0.02,OK,synthetic_demo
ST_0187,125.0,0.0,550.0,0.25392842189764614,mGal,0.02,OK,synthetic_demo
ST_0188,125.0,0.0,575.0,0.22544217265852515,mGal,0.02,OK,synthetic_demo
ST_0189,125.0,0.0,600.0,0.2297702860068662,mGal,0.02,OK,synthetic_demo
ST_0190,125.0,0.0,625.0,0.19744421741950793,mGal,0.02,OK,synthetic_demo
ST_0191,125.0,0.0,650.0,0.16580614953974304,mGal,0.02,OK,synthetic_demo
ST_0192,125.0,0.0,675.0,0.17484460658541304,mGal,0.02,OK,synthetic_demo
ST_0193,125.0,0.0,700.0,0.14029953672530204,mGal,0.02,OK,synthetic_demo
ST_0194,125.0,0.0,725.0,0.15139898690128312,mGal,0.02,OK,synthetic_demo
ST_0195,125.0,0.0,750.0,0.13156110365524626,mGal,0.02,OK,synthetic_demo
ST_0196,125.0,0.0,775.0,0.095925759950268,mGal,0.02,OK,synthetic_demo
ST_0197,125.0,0.0,800.0,0.07794414983620716,mGal,0.02,OK,synthetic_demo
ST_0198,150.0,0.0,0.0,0.10127960862292948,mGal,0.02,OK,synthetic_demo
ST_0199,150.0,0.0,25.0,0.082162062439667,mGal,0.02,OK,synthetic_demo
ST_0200,150.0,0.0,50.0,0.1437552386983123,mGal,0.02,OK,synthetic_demo
ST_0201,150.0,0.0,75.0,0.13514988251779253,mGal,0.02,OK,synthetic_demo
ST_0202,150.0,0.0,100.0,0.14598390887568266,mGal,0.02,OK,synthetic_demo
ST_0203,150.0,0.0,125.0,0.20269466642386022,mGal,0.02,OK,synthetic_demo
ST_0204,150.0,0.0,150.0,0.21981473846534635,mGal,0.02,OK,synthetic_demo
ST_0205,150.0,0.0,175.0,0.2465984909736112,mGal,0.02,OK,synthetic_demo
ST_0206,150.0,0.0,200.0,0.2831002973768244,mGal,0.02,OK,synthetic_demo
ST_0207,150.0,0.0,225.0,0.28605991108390966,mGal,0.02,OK,synthetic_demo
ST_0208,150.0,0.0,250.0,0.3182142931262136,mGal,0.02,OK,synthetic_demo
ST_0209,150.0,0.0,275.0,0.34004640849819034,mGal,0.02,OK,synthetic_demo
ST_0210,150.0,0.0,300.0,0.34084037753438434,mGal,0.02,OK,synthetic_demo
ST_0211,150.0,0.0,325.0,0.38738482086450615,mGal,0.02,OK,synthetic_demo
ST_0212,150.0,0.0,350.0,0.3440172214733994,mGal,0.02,OK,synthetic_demo
ST_0213,150.0,0.0,375.0,0.38648311667316854,mGal,0.02,OK,synthetic_demo
ST_0214,150.0,0.0,400.0,0.3700902374569808,mGal,0.02,OK,synthetic_demo
ST_0215,150.0,0.0,425.0,0.3704183198221677,mGal,0.02,OK,synthetic_demo
ST_0216,150.0,0.0,450.0,0.3993912167608142,mGal,0.02,OK,synthetic_demo
ST_0217,150.0,0.0,475.0,0.3918731241029048,mGal,0.02,OK,synthetic_demo
ST_0218,150.0,0.0,500.0,0.36362179385164284,mGal,0.02,OK,synthetic_demo
ST_0219,150.0,0.0,525.0,0.3115270704037666,mGal,0.02,OK,synthetic_demo
ST_0220,150.0,0.0,550.0,0.30253024928295313,mGal,0.02,OK,synthetic_demo
ST_0221,150.0,0.0,575.0,0.29203439436259676,mGal,0.02,OK,synthetic_demo
ST_0222,150.0,0.0,600.0,0.24239121255958818,mGal,0.02,OK,synthetic_demo
ST_0223,150.0,0.0,625.0,0.19723804002070616,mGal,0.02,OK,synthetic_demo
ST_0224,150.0,0.0,650.0,0.21572649910095912,mGal,0.02,OK,synthetic_demo
ST_0225,150.0,0.0,675.0,0.20037266568442008,mGal,0.02,OK,synthetic_demo
ST_0226,150.0,0.0,700.0,0.1773490821433676,mGal,0.02,OK,synthetic_demo
ST_0227,150.0,0.0,725.0,0.17921736885556078,mGal,0.02,OK,synthetic_demo
ST_0228,150.0,0.0,750.0,0.15153953056622663,mGal,0.02,OK,synthetic_demo
ST_0229,150.0,0.0,775.0,0.11558296862584626,mGal,0.02,OK,synthetic_demo
ST_0230,150.0,0.0,800.0,0.10084699143836996,mGal,0.02,OK,synthetic_demo
ST_0231,175.0,0.0,0.0,0.1475650122248455,mGal,0.02,OK,synthetic_demo
ST_0232,175.0,0.0,25.0,0.11068211951011567,mGal,0.02,OK,synthetic_demo
ST_0233,175.0,0.0,50.0,0.1118746000959607,mGal,0.02,OK,synthetic_demo
ST_0234,175.0,0.0,75.0,0.14980397371853088,mGal,0.02,OK,synthetic_demo
ST_0235,175.0,0.0,100.0,0.19759519196189024,mGal,0.02,OK,synthetic_demo
ST_0236,175.0,0.0,125.0,0.23152766282835188,mGal,0.02,OK,synthetic_demo
ST_0237,175.0,0.0,150.0,0.23057445466751683,mGal,0.02,OK,synthetic_demo
ST_0238,175.0,0.0,175.0,0.26925945863194417,mGal,0.02,OK,synthetic_demo
ST_0239,175.0,0.0,200.0,0.28360852027781286,mGal,0.02,OK,synthetic_demo
ST_0240,175.0,0.0,225.0,0.29993051172587115,mGal,0.02,OK,synthetic_demo
ST_0241,175.0,0.0,250.0,0.3301775787034591,mGal,0.02,OK,synthetic_demo
ST_0242,175.0,0.0,275.0,0.3771771329769051,mGal,0.02,OK,synthetic_demo
ST_0243,175.0,0.0,300.0,0.4191557539365157,mGal,0.02,OK,synthetic_demo
ST_0244,175.0,0.0,325.0,0.4128831152959238,mGal,0.02,OK,synthetic_demo
ST_0245,175.0,0.0,350.0,0.42860420975523567,mGal,0.02,OK,synthetic_demo
ST_0246,175.0,0.0,375.0,0.4169085306387126,mGal,0.02,OK,synthetic_demo
ST_0247,175.0,0.0,400.0,0.5239994178983309,mGal,0.02,OK,synthetic_demo
ST_0248,175.0,0.0,425.0,0.44420670416239794,mGal,0.02,OK,synthetic_demo
ST_0249,175.0,0.0,450.0,0.45151863141829895,mGal,0.02,OK,synthetic_demo
ST_0250,175.0,0.0,475.0,0.4010657455367725,mGal,0.02,OK,synthetic_demo
ST_0251,175.0,0.0,500.0,0.39992013528912124,mGal,0.02,OK,synthetic_demo
ST_0252,175.0,0.0,525.0,0.378596555744341,mGal,0.02,OK,synthetic_demo
ST_0253,175.0,0.0,550.0,0.3272968203925236,mGal,0.02,OK,synthetic_demo
ST_0254,175.0,0.0,575.0,0.34291534990745276,mGal,0.02,OK,synthetic_demo
ST_0255,175.0,0.0,600.0,0.31633561163562535,mGal,0.02,OK,synthetic_demo
ST_0256,175.0,0.0,625.0,0.23098157035308764,mGal,0.02,OK,synthetic_demo
ST_0257,175.0,0.0,650.0,0.22856007162471073,mGal,0.02,OK,synthetic_demo
ST_0258,175.0,0.0,675.0,0.21016152338745112,mGal,0.02,OK,synthetic_demo
ST_0259,175.0,0.0,700.0,0.19770001893942382,mGal,0.02,OK,synthetic_demo
ST_0260,175.0,0.0,725.0,0.15207898084333205,mGal,0.02,OK,synthetic_demo
ST_0261,175.0,0.0,750.0,0.14609473150152097,mGal,0.02,OK,synthetic_demo
ST_0262,175.0,0.0,775.0,0.1525294332633028,mGal,0.02,OK,synthetic_demo
ST_0263,175.0,0.0,800.0,0.08893364178703957,mGal,0.02,OK,synthetic_demo
ST_0264,200.0,0.0,0.0,0.16426285867899407,mGal,0.02,OK,synthetic_demo
ST_0265,200.0,0.0,25.0,0.1369637117390523,mGal,0.02,OK,synthetic_demo
ST_0266,200.0,0.0,50.0,0.16397177664841925,mGal,0.02,OK,synthetic_demo
ST_0267,200.0,0.0,75.0,0.18643126989384234,mGal,0.02,OK,synthetic_demo
ST_0268,200.0,0.0,100.0,0.25247095829248695,mGal,0.02,OK,synthetic_demo
ST_0269,200.0,0.0,125.0,0.2401651739069627,mGal,0.02,OK,synthetic_demo
ST_0270,200.0,0.0,150.0,0.2726792854822008,mGal,0.02,OK,synthetic_demo
ST_0271,200.0,0.0,175.0,0.30216672574646825,mGal,0.02,OK,synthetic_demo
ST_0272,200.0,0.0,200.0,0.34186932422156685,mGal,0.02,OK,synthetic_demo
ST_0273,200.0,0.0,225.0,0.3426797328520502,mGal,0.02,OK,synthetic_demo
ST_0274,200.0,0.0,250.0,0.4060534216152901,mGal,0.02,OK,synthetic_demo
ST_0275,200.0,0.0,275.0,0.45348938016594953,mGal,0.02,OK,synthetic_demo
ST_0276,200.0,0.0,300.0,0.4533141470214875,mGal,0.02,OK,synthetic_demo
ST_0277,200.0,0.0,325.0,0.4716980245269978,mGal,0.02,OK,synthetic_demo
ST_0278,200.0,0.0,350.0,0.5073835224990345,mGal,0.02,OK,synthetic_demo
ST_0279,200.0,0.0,375.0,0.5047608921178751,mGal,0.02,OK,synthetic_demo
ST_0280,200.0,0.0,400.0,0.5162082898820488,mGal,0.02,OK,synthetic_demo
ST_0281,200.0,0.0,425.0,0.49870070548823703,mGal,0.02,OK,synthetic_demo
ST_0282,200.0,0.0,450.0,0.4765672360307223,mGal,0.02,OK,synthetic_demo
ST_0283,200.0,0.0,475.0,0.4614510189252584,mGal,0.02,OK,synthetic_demo
ST_0284,200.0,0.0,500.0,0.44950846647779913,mGal,0.02,OK,synthetic_demo
ST_0285,200.0,0.0,525.0,0.3896228918428453,mGal,0.02,OK,synthetic_demo
ST_0286,200.0,0.0,550.0,0.35237798337629994,mGal,0.02,OK,synthetic_demo
ST_0287,200.0,0.0,575.0,0.34512533605700485,mGal,0.02,OK,synthetic_demo
ST_0288,200.0,0.0,600.0,0.2724237253506075,mGal,0.02,OK,synthetic_demo
ST_0289,200.0,0.0,625.0,0.2547992025968958,mGal,0.02,OK,synthetic_demo
ST_0290,200.0,0.0,650.0,0.23378523003111906,mGal,0.02,OK,synthetic_demo
ST_0291,200.0,0.0,675.0,0.2439608665203204,mGal,0.02,OK,synthetic_demo
ST_0292,200.0,0.0,700.0,0.17762848996802888,mGal,0.02,OK,synthetic_demo
ST_0293,200.0,0.0,725.0,0.19396958037715994,mGal,0.02,OK,synthetic_demo
ST_0294,200.0,0.0,750.0,0.10916077409775526,mGal,0.02,OK,synthetic_demo
ST_0295,200.0,0.0,775.0,0.13281568437564817,mGal,0.02,OK,synthetic_demo
ST_0296,200.0,0.0,800.0,0.12952441421229316,mGal,0.02,OK,synthetic_demo
ST_0297,225.0,0.0,0.0,0.114267201496596,mGal,0.02,OK,synthetic_demo
ST_0298,225.0,0.0,25.0,0.1465711571172308,mGal,0.02,OK,synthetic_demo
ST_0299,225.0,0.0,50.0,0.17527137184651692,mGal,0.02,OK,synthetic_demo
ST_0300,225.0,0.0,75.0,0.219158512600993,mGal,0.02,OK,synthetic_demo
ST_0301,225.0,0.0,100.0,0.23418950304072356,mGal,0.02,OK,synthetic_demo
ST_0302,225.0,0.0,125.0,0.28259547545372843,mGal,0.02,OK,synthetic_demo
ST_0303,225.0,0.0,150.0,0.3041600446851694,mGal,0.02,OK,synthetic_demo
ST_0304,225.0,0.0,175.0,0.3261973514223513,mGal,0.02,OK,synthetic_demo
ST_0305,225.0,0.0,200.0,0.3791528894697788,mGal,0.02,OK,synthetic_demo
ST_0306,225.0,0.0,225.0,0.3964727408397357,mGal,0.02,OK,synthetic_demo
ST_0307,225.0,0.0,250.0,0.4705976882004581,mGal,0.02,OK,synthetic_demo
ST_0308,225.0,0.0,275.0,0.4914218780160037,mGal,0.02,OK,synthetic_demo
ST_0309,225.0,0.0,300.0,0.5148883207215208,mGal,0.02,OK,synthetic_demo
ST_0310,225.0,0.0,325.0,0.5966223512752248,mGal,0.02,OK,synthetic_demo
ST_0311,225.0,0.0,350.0,0.5543722077109914,mGal,0.02,OK,synthetic_demo
ST_0312,225.0,0.0,375.0,0.583678927895772,mGal,0.02,OK,synthetic_demo
ST_0313,225.0,0.0,400.0,0.5937778904900027,mGal,0.02,OK,synthetic_demo
ST_0314,225.0,0.0,425.0,0.6247138584033078,mGal,0.02,OK,synthetic_demo
ST_0315,225.0,0.0,450.0,0.5385755402120737,mGal,0.02,OK,synthetic_demo
ST_0316,225.0,0.0,475.0,0.5049385164098409,mGal,0.02,OK,synthetic_demo
ST_0317,225.0,0.0,500.0,0.5269799365302354,mGal,0.02,OK,synthetic_demo
ST_0318,225.0,0.0,525.0,0.4749234701846147,mGal,0.02,OK,synthetic_demo
ST_0319,225.0,0.0,550.0,0.4410857391433331,mGal,0.02,OK,synthetic_demo
ST_0320,225.0,0.0,575.0,0.38429152823762125,mGal,0.02,OK,synthetic_demo
ST_0321,225.0,0.0,600.0,0.3277498941921256,mGal,0.02,OK,synthetic_demo
ST_0322,225.0,0.0,625.0,0.312105831678654,mGal,0.02,OK,synthetic_demo
ST_0323,225.0,0.0,650.0,0.28968630587445376,mGal,0.02,OK,synthetic_demo
ST_0324,225.0,0.0,675.0,0.2465506208984381,mGal,0.02,OK,synthetic_demo
ST_0325,225.0,0.0,700.0,0.2422233686616756,mGal,0.02,OK,synthetic_demo
ST_0326,225.0,0.0,725.0,0.19710908198561136,mGal,0.02,OK,synthetic_demo
ST_0327,225.0,0.0,750.0,0.13999760992874577,mGal,0.02,OK,synthetic_demo
ST_0328,225.0,0.0,775.0,0.1584930756799111,mGal,0.02,OK,synthetic_demo
ST_0329,225.0,0.0,800.0,0.12017419800859713,mGal,0.02,OK,synthetic_demo
ST_0330,250.0,0.0,0.0,0.15214570002576575,mGal,0.02,OK,synthetic_demo
ST_0331,250.0,0.0,25.0,0.16172187973421184,mGal,0.02,OK,synthetic_demo
ST_0332,250.0,0.0,50.0,0.19719844947130344,mGal,0.02,OK,synthetic_demo
ST_0333,250.0,0.0,75.0,0.23922845639052298,mGal,0.02,OK,synthetic_demo
ST_0334,250.0,0.0,100.0,0.2380667705321697,mGal,0.02,OK,synthetic_demo
ST_0335,250.0,0.0,125.0,0.27866900643415216,mGal,0.02,OK,synthetic_demo
ST_0336,250.0,0.0,150.0,0.33489970456294876,mGal,0.02,OK,synthetic_demo
ST_0337,250.0,0.0,175.0,0.3555723161787619,mGal,0.02,OK,synthetic_demo
ST_0338,250.0,0.0,200.0,0.40426828394176223,mGal,0.02,OK,synthetic_demo
ST_0339,250.0,0.0,225.0,0.4589850364314587,mGal,0.02,OK,synthetic_demo
ST_0340,250.0,0.0,250.0,0.49287559508576345,mGal,0.02,OK,synthetic_demo
ST_0341,250.0,0.0,275.0,0.5579390127234651,mGal,0.02,OK,synthetic_demo
ST_0342,250.0,0.0,300.0,0.6101662875509535,mGal,0.02,OK,synthetic_demo
ST_0343,250.0,0.0,325.0,0.6390932736491187,mGal,0.02,OK,synthetic_demo
ST_0344,250.0,0.0,350.0,0.7144267932533938,mGal,0.02,OK,synthetic_demo
ST_0345,250.0,0.0,375.0,0.6697598564864999,mGal,0.02,OK,synthetic_demo
ST_0346,250.0,0.0,400.0,0.6844863580522016,mGal,0.02,OK,synthetic_demo
ST_0347,250.0,0.0,425.0,0.664410334388246,mGal,0.02,OK,synthetic_demo
ST_0348,250.0,0.0,450.0,0.6955054773859913,mGal,0.02,OK,synthetic_demo
ST_0349,250.0,0.0,475.0,0.6161453426767833,mGal,0.02,OK,synthetic_demo
ST_0350,250.0,0.0,500.0,0.5766216339273104,mGal,0.02,OK,synthetic_demo
ST_0351,250.0,0.0,525.0,0.5528368767057127,mGal,0.02,OK,synthetic_demo
ST_0352,250.0,0.0,550.0,0.45180932709263816,mGal,0.02,OK,synthetic_demo
ST_0353,250.0,0.0,575.0,0.4141704631245952,mGal,0.02,OK,synthetic_demo
ST_0354,250.0,0.0,600.0,0.3923962493554976,mGal,0.02,OK,synthetic_demo
ST_0355,250.0,0.0,625.0,0.37077301951813274,mGal,0.02,OK,synthetic_demo
ST_0356,250.0,0.0,650.0,0.30341470328479314,mGal,0.02,OK,synthetic_demo
ST_0357,250.0,0.0,675.0,0.23460738464326017,mGal,0.02,OK,synthetic_demo
ST_0358,250.0,0.0,700.0,0.2391600320637313,mGal,0.02,OK,synthetic_demo
ST_0359,250.0,0.0,725.0,0.2144483469154153,mGal,0.02,OK,synthetic_demo
ST_0360,250.0,0.0,750.0,0.1849810417273131,mGal,0.02,OK,synthetic_demo
ST_0361,250.0,0.0,775.0,0.12318270145018981,mGal,0.02,OK,synthetic_demo
ST_0362,250.0,0.0,800.0,0.16116684088976668,mGal,0.02,OK,synthetic_demo
ST_0363,275.0,0.0,0.0,0.12430167760069041,mGal,0.02,OK,synthetic_demo
ST_0364,275.0,0.0,25.0,0.17965302850429193,mGal,0.02,OK,synthetic_demo
ST_0365,275.0,0.0,50.0,0.2118550950641844,mGal,0.02,OK,synthetic_demo
ST_0366,275.0,0.0,75.0,0.25698366646779575,mGal,0.02,OK,synthetic_demo
ST_0367,275.0,0.0,100.0,0.28441116740075517,mGal,0.02,OK,synthetic_demo
ST_0368,275.0,0.0,125.0,0.2897651547054135,mGal,0.02,OK,synthetic_demo
ST_0369,275.0,0.0,150.0,0.3000425347841442,mGal,0.02,OK,synthetic_demo
ST_0370,275.0,0.0,175.0,0.39329703079225736,mGal,0.02,OK,synthetic_demo
ST_0371,275.0,0.0,200.0,0.46048868150213396,mGal,0.02,OK,synthetic_demo
ST_0372,275.0,0.0,225.0,0.47809453527577184,mGal,0.02,OK,synthetic_demo
ST_0373,275.0,0.0,250.0,0.5506046244649825,mGal,0.02,OK,synthetic_demo
ST_0374,275.0,0.0,275.0,0.6299170701218565,mGal,0.02,OK,synthetic_demo
ST_0375,275.0,0.0,300.0,0.6812959974073347,mGal,0.02,OK,synthetic_demo
ST_0376,275.0,0.0,325.0,0.7347392583876893,mGal,0.02,OK,synthetic_demo
ST_0377,275.0,0.0,350.0,0.7541574163300723,mGal,0.02,OK,synthetic_demo
ST_0378,275.0,0.0,375.0,0.7759012590631656,mGal,0.02,OK,synthetic_demo
ST_0379,275.0,0.0,400.0,0.7502351841109893,mGal,0.02,OK,synthetic_demo
ST_0380,275.0,0.0,425.0,0.7824418501067754,mGal,0.02,OK,synthetic_demo
ST_0381,275.0,0.0,450.0,0.7747964649313244,mGal,0.02,OK,synthetic_demo
ST_0382,275.0,0.0,475.0,0.682005523032362,mGal,0.02,OK,synthetic_demo
ST_0383,275.0,0.0,500.0,0.6281384136140513,mGal,0.02,OK,synthetic_demo
ST_0384,275.0,0.0,525.0,0.5854567546427583,mGal,0.02,OK,synthetic_demo
ST_0385,275.0,0.0,550.0,0.5272167172206081,mGal,0.02,OK,synthetic_demo
ST_0386,275.0,0.0,575.0,0.4786140446481012,mGal,0.02,OK,synthetic_demo
ST_0387,275.0,0.0,600.0,0.40399843506530597,mGal,0.02,OK,synthetic_demo
ST_0388,275.0,0.0,625.0,0.3350738089798993,mGal,0.02,OK,synthetic_demo
ST_0389,275.0,0.0,650.0,0.33796406176052574,mGal,0.02,OK,synthetic_demo
ST_0390,275.0,0.0,675.0,0.2863194093423629,mGal,0.02,OK,synthetic_demo
ST_0391,275.0,0.0,700.0,0.21294239174239654,mGal,0.02,OK,synthetic_demo
ST_0392,275.0,0.0,725.0,0.2169156202346812,mGal,0.02,OK,synthetic_demo
ST_0393,275.0,0.0,750.0,0.16675117388232735,mGal,0.02,OK,synthetic_demo
ST_0394,275.0,0.0,775.0,0.17309559002876662,mGal,0.02,OK,synthetic_demo
ST_0395,275.0,0.0,800.0,0.15186565683774284,mGal,0.02,OK,synthetic_demo
ST_0396,300.0,0.0,0.0,0.12769812421527088,mGal,0.02,OK,synthetic_demo
ST_0397,300.0,0.0,25.0,0.20553501689032191,mGal,0.02,OK,synthetic_demo
ST_0398,300.0,0.0,50.0,0.2196551621039222,mGal,0.02,OK,synthetic_demo
ST_0399,300.0,0.0,75.0,0.26383519952213175,mGal,0.02,OK,synthetic_demo
ST_0400,300.0,0.0,100.0,0.3110299781340584,mGal,0.02,OK,synthetic_demo
ST_0401,300.0,0.0,125.0,0.3084536963212543,mGal,0.02,OK,synthetic_demo
ST_0402,300.0,0.0,150.0,0.36779500652126573,mGal,0.02,OK,synthetic_demo
ST_0403,300.0,0.0,175.0,0.43999058927463935,mGal,0.02,OK,synthetic_demo
ST_0404,300.0,0.0,200.0,0.5112612002900673,mGal,0.02,OK,synthetic_demo
ST_0405,300.0,0.0,225.0,0.5791308554477037,mGal,0.02,OK,synthetic_demo
ST_0406,300.0,0.0,250.0,0.6466687823557558,mGal,0.02,OK,synthetic_demo
ST_0407,300.0,0.0,275.0,0.6900566894019564,mGal,0.02,OK,synthetic_demo
ST_0408,300.0,0.0,300.0,0.7365594120249794,mGal,0.02,OK,synthetic_demo
ST_0409,300.0,0.0,325.0,0.8323463953456869,mGal,0.02,OK,synthetic_demo
ST_0410,300.0,0.0,350.0,0.8618597084711352,mGal,0.02,OK,synthetic_demo
ST_0411,300.0,0.0,375.0,0.8867052916911669,mGal,0.02,OK,synthetic_demo
ST_0412,300.0,0.0,400.0,0.8896272216087981,mGal,0.02,OK,synthetic_demo
ST_0413,300.0,0.0,425.0,0.8693314571755999,mGal,0.02,OK,synthetic_demo
ST_0414,300.0,0.0,450.0,0.8175220811551505,mGal,0.02,OK,synthetic_demo
ST_0415,300.0,0.0,475.0,0.7512393676338512,mGal,0.02,OK,synthetic_demo
ST_0416,300.0,0.0,500.0,0.7247259718804085,mGal,0.02,OK,synthetic_demo
ST_0417,300.0,0.0,525.0,0.5931017263336957,mGal,0.02,OK,synthetic_demo
ST_0418,300.0,0.0,550.0,0.6080166767927291,mGal,0.02,OK,synthetic_demo
ST_0419,300.0,0.0,575.0,0.501025872008764,mGal,0.02,OK,synthetic_demo
ST_0420,300.0,0.0,600.0,0.4199658170728675,mGal,0.02,OK,synthetic_demo
ST_0421,300.0,0.0,625.0,0.39174559043810225,mGal,0.02,OK,synthetic_demo
ST_0422,300.0,0.0,650.0,0.3239384848409103,mGal,0.02,OK,synthetic_demo
ST_0423,300.0,0.0,675.0,0.30543998220598406,mGal,0.02,OK,synthetic_demo
ST_0424,300.0,0.0,700.0,0.2851991821009853,mGal,0.02,OK,synthetic_demo
ST_0425,300.0,0.0,725.0,0.24485291100682652,mGal,0.02,OK,synthetic_demo
ST_0426,300.0,0.0,750.0,0.22510509124626288,mGal,0.02,OK,synthetic_demo
ST_0427,300.0,0.0,775.0,0.10455855593402864,mGal,0.02,OK,synthetic_demo
ST_0428,300.0,0.0,800.0,0.13218353587225348,mGal,0.02,OK,synthetic_demo
ST_0429,325.0,0.0,0.0,0.18042195717280574,mGal,0.02,OK,synthetic_demo
ST_0430,325.0,0.0,25.0,0.19132872175168816,mGal,0.02,OK,synthetic_demo
ST_0431,325.0,0.0,50.0,0.2355459690752828,mGal,0.02,OK,synthetic_demo
ST_0432,325.0,0.0,75.0,0.268102322243957,mGal,0.02,OK,synthetic_demo
ST_0433,325.0,0.0,100.0,0.3137427628356646,mGal,0.02,OK,synthetic_demo
ST_0434,325.0,0.0,125.0,0.36334914907821003,mGal,0.02,OK,synthetic_demo
ST_0435,325.0,0.0,150.0,0.4048602552339461,mGal,0.02,OK,synthetic_demo
ST_0436,325.0,0.0,175.0,0.4640619625968118,mGal,0.02,OK,synthetic_demo
ST_0437,325.0,0.0,200.0,0.49887655725656727,mGal,0.02,OK,synthetic_demo
ST_0438,325.0,0.0,225.0,0.6136074321774941,mGal,0.02,OK,synthetic_demo
ST_0439,325.0,0.0,250.0,0.6963826916159204,mGal,0.02,OK,synthetic_demo
ST_0440,325.0,0.0,275.0,0.7407646354481799,mGal,0.02,OK,synthetic_demo
ST_0441,325.0,0.0,300.0,0.8548848986209845,mGal,0.02,OK,synthetic_demo
ST_0442,325.0,0.0,325.0,0.8564520418762936,mGal,0.02,OK,synthetic_demo
ST_0443,325.0,0.0,350.0,0.9385590168350749,mGal,0.02,OK,synthetic_demo
ST_0444,325.0,0.0,375.0,0.9386228240709924,mGal,0.02,OK,synthetic_demo
ST_0445,325.0,0.0,400.0,0.9582226404356998,mGal,0.02,OK,synthetic_demo
ST_0446,325.0,0.0,425.0,0.9326510125721417,mGal,0.02,OK,synthetic_demo
ST_0447,325.0,0.0,450.0,0.908232382704092,mGal,0.02,OK,synthetic_demo
ST_0448,325.0,0.0,475.0,0.8348441840833324,mGal,0.02,OK,synthetic_demo
ST_0449,325.0,0.0,500.0,0.7717440642610338,mGal,0.02,OK,synthetic_demo
ST_0450,325.0,0.0,525.0,0.6896378679541638,mGal,0.02,OK,synthetic_demo
ST_0451,325.0,0.0,550.0,0.5790655680518226,mGal,0.02,OK,synthetic_demo
ST_0452,325.0,0.0,575.0,0.564310805348463,mGal,0.02,OK,synthetic_demo
ST_0453,325.0,0.0,600.0,0.4461773475386775,mGal,0.02,OK,synthetic_demo
ST_0454,325.0,0.0,625.0,0.43404392777859496,mGal,0.02,OK,synthetic_demo
ST_0455,325.0,0.0,650.0,0.3516223920151471,mGal,0.02,OK,synthetic_demo
ST_0456,325.0,0.0,675.0,0.290957769898573,mGal,0.02,WARNING,synthetic_demo
ST_0457,325.0,0.0,700.0,0.2904302190706109,mGal,0.02,OK,synthetic_demo
ST_0458,325.0,0.0,725.0,0.21962291324507657,mGal,0.02,OK,synthetic_demo
ST_0459,325.0,0.0,750.0,0.21047372257604297,mGal,0.02,OK,synthetic_demo
ST_0460,325.0,0.0,775.0,0.18703872270744432,mGal,0.02,OK,synthetic_demo
ST_0461,325.0,0.0,800.0,0.13491644943600473,mGal,0.02,OK,synthetic_demo
ST_0462,350.0,0.0,0.0,0.18956844093975117,mGal,0.02,OK,synthetic_demo
ST_0463,350.0,0.0,25.0,0.19024736359030836,mGal,0.02,OK,synthetic_demo
ST_0464,350.0,0.0,50.0,0.22912362144729562,mGal,0.02,OK,synthetic_demo
ST_0465,350.0,0.0,75.0,0.28407139852565194,mGal,0.02,OK,synthetic_demo
ST_0466,350.0,0.0,100.0,0.35030971214557505,mGal,0.02,OK,synthetic_demo
ST_0467,350.0,0.0,125.0,0.3683620117013537,mGal,0.02,OK,synthetic_demo
ST_0468,350.0,0.0,150.0,0.38462538494772025,mGal,0.02,OK,synthetic_demo
ST_0469,350.0,0.0,175.0,0.49451875199085515,mGal,0.02,OK,synthetic_demo
ST_0470,350.0,0.0,200.0,0.5508074125052218,mGal,0.02,OK,synthetic_demo
ST_0471,350.0,0.0,225.0,0.61542051327325,mGal,0.02,OK,synthetic_demo
ST_0472,350.0,0.0,250.0,0.6835089443236573,mGal,0.02,OK,synthetic_demo
ST_0473,350.0,0.0,275.0,0.8071323789792145,mGal,0.02,OK,synthetic_demo
ST_0474,350.0,0.0,300.0,0.8877174144310325,mGal,0.02,OK,synthetic_demo
ST_0475,350.0,0.0,325.0,0.9506125797929045,mGal,0.02,OK,synthetic_demo
ST_0476,350.0,0.0,350.0,0.9910774763035791,mGal,0.02,OK,synthetic_demo
ST_0477,350.0,0.0,375.0,1.017835830765557,mGal,0.02,OK,synthetic_demo
ST_0478,350.0,0.0,400.0,1.0128750115335006,mGal,0.02,OK,synthetic_demo
ST_0479,350.0,0.0,425.0,1.0015552880460943,mGal,0.02,OK,synthetic_demo
ST_0480,350.0,0.0,450.0,0.966753158354753,mGal,0.02,OK,synthetic_demo
ST_0481,350.0,0.0,475.0,0.895501741433417,mGal,0.02,OK,synthetic_demo
ST_0482,350.0,0.0,500.0,0.8505195720416484,mGal,0.02,OK,synthetic_demo
ST_0483,350.0,0.0,525.0,0.7453250706910565,mGal,0.02,OK,synthetic_demo
ST_0484,350.0,0.0,550.0,0.6565487387746702,mGal,0.02,OK,synthetic_demo
ST_0485,350.0,0.0,575.0,0.573635046084914,mGal,0.02,OK,synthetic_demo
ST_0486,350.0,0.0,600.0,0.4804392578627083,mGal,0.02,OK,synthetic_demo
ST_0487,350.0,0.0,625.0,0.40086726092707725,mGal,0.02,OK,synthetic_demo
ST_0488,350.0,0.0,650.0,0.3537281459313324,mGal,0.02,OK,synthetic_demo
ST_0489,350.0,0.0,675.0,0.34066658128077587,mGal,0.02,OK,synthetic_demo
ST_0490,350.0,0.0,700.0,0.30200114168399217,mGal,0.02,OK,synthetic_demo
ST_0491,350.0,0.0,725.0,0.2639512663865406,mGal,0.02,OK,synthetic_demo
ST_0492,350.0,0.0,750.0,0.19005787352408826,mGal,0.02,OK,synthetic_demo
ST_0493,350.0,0.0,775.0,0.1924631216251828,mGal,0.02,OK,synthetic_demo
ST_0494,350.0,0.0,800.0,0.16221324877420346,mGal,0.02,OK,synthetic_demo
ST_0495,375.0,0.0,0.0,0.17082940995196727,mGal,0.02,OK,synthetic_demo
ST_0496,375.0,0.0,25.0,0.20166860339571205,mGal,0.02,OK,synthetic_demo
ST_0497,375.0,0.0,50.0,0.2620454464006385,mGal,0.02,OK,synthetic_demo
ST_0498,375.0,0.0,75.0,0.28394268700475406,mGal,0.02,OK,synthetic_demo
ST_0499,375.0,0.0,100.0,0.3218002910280282,mGal,0.02,OK,synthetic_demo
ST_0500,375.0,0.0,125.0,0.3633993990930475,mGal,0.02,OK,synthetic_demo
ST_0501,375.0,0.0,150.0,0.43543109554359455,mGal,0.02,OK,synthetic_demo
ST_0502,375.0,0.0,175.0,0.48372198080320306,mGal,0.02,OK,synthetic_demo
ST_0503,375.0,0.0,200.0,0.5427281845146245,mGal,0.02,OK,synthetic_demo
ST_0504,375.0,0.0,225.0,0.6624911634819919,mGal,0.02,OK,synthetic_demo
ST_0505,375.0,0.0,250.0,0.7769693252755716,mGal,0.02,OK,synthetic_demo
ST_0506,375.0,0.0,275.0,0.8375627868336949,mGal,0.02,OK,synthetic_demo
ST_0507,375.0,0.0,300.0,0.888795297897841,mGal,0.02,OK,synthetic_demo
ST_0508,375.0,0.0,325.0,0.9608574935567878,mGal,0.02,OK,synthetic_demo
ST_0509,375.0,0.0,350.0,1.0491126713068042,mGal,0.02,OK,synthetic_demo
ST_0510,375.0,0.0,375.0,1.0535345596029846,mGal,0.02,OK,synthetic_demo
ST_0511,375.0,0.0,400.0,1.08343900898572,mGal,0.02,OK,synthetic_demo
ST_0512,375.0,0.0,425.0,1.0338441467237582,mGal,0.02,OK,synthetic_demo
ST_0513,375.0,0.0,450.0,1.0094990245321926,mGal,0.02,OK,synthetic_demo
ST_0514,375.0,0.0,475.0,0.8977053190412269,mGal,0.02,OK,synthetic_demo
ST_0515,375.0,0.0,500.0,0.8343268542753162,mGal,0.02,OK,synthetic_demo
ST_0516,375.0,0.0,525.0,0.7586757413415307,mGal,0.02,OK,synthetic_demo
ST_0517,375.0,0.0,550.0,0.6590316868719742,mGal,0.02,OK,synthetic_demo
ST_0518,375.0,0.0,575.0,0.563051259626781,mGal,0.02,OK,synthetic_demo
ST_0519,375.0,0.0,600.0,0.5349336031761108,mGal,0.02,OK,synthetic_demo
ST_0520,375.0,0.0,625.0,0.442347370612622,mGal,0.02,OK,synthetic_demo
ST_0521,375.0,0.0,650.0,0.3759167198061696,mGal,0.02,OK,synthetic_demo
ST_0522,375.0,0.0,675.0,0.322442229139293,mGal,0.02,OK,synthetic_demo
ST_0523,375.0,0.0,700.0,0.24067005300176825,mGal,0.02,OK,synthetic_demo
ST_0524,375.0,0.0,725.0,0.20279040838045748,mGal,0.02,OK,synthetic_demo
ST_0525,375.0,0.0,750.0,0.20876164807287179,mGal,0.02,OK,synthetic_demo
ST_0526,375.0,0.0,775.0,0.18399090683753808,mGal,0.02,OK,synthetic_demo
ST_0527,375.0,0.0,800.0,0.15503017993726453,mGal,0.02,OK,synthetic_demo
ST_0528,400.0,0.0,0.0,0.18017806539503942,mGal,0.02,OK,synthetic_demo
ST_0529,400.0,0.0,25.0,0.2438956846526649,mGal,0.02,OK,synthetic_demo
ST_0530,400.0,0.0,50.0,0.23301572271686483,mGal,0.02,OK,synthetic_demo
ST_0531,400.0,0.0,75.0,0.2545321632464803,mGal,0.02,OK,synthetic_demo
ST_0532,400.0,0.0,100.0,0.34813434099307067,mGal,0.02,OK,synthetic_demo
ST_0533,400.0,0.0,125.0,0.3989158851248954,mGal,0.02,OK,synthetic_demo
ST_0534,400.0,0.0,150.0,0.4768937192725498,mGal,0.02,OK,synthetic_demo
ST_0535,400.0,0.0,175.0,0.5248198855146002,mGal,0.02,OK,synthetic_demo
ST_0536,400.0,0.0,200.0,0.5962092640463439,mGal,0.02,OK,synthetic_demo
ST_0537,400.0,0.0,225.0,0.6853771382111917,mGal,0.02,OK,synthetic_demo
ST_0538,400.0,0.0,250.0,0.7602874520025491,mGal,0.02,OK,synthetic_demo
ST_0539,400.0,0.0,275.0,0.8498615101822226,mGal,0.02,OK,synthetic_demo
ST_0540,400.0,0.0,300.0,0.9333545692556786,mGal,0.02,OK,synthetic_demo
ST_0541,400.0,0.0,325.0,1.021976720735141,mGal,0.02,OK,synthetic_demo
ST_0542,400.0,0.0,350.0,1.0948526731168016,mGal,0.02,OK,synthetic_demo
ST_0543,400.0,0.0,375.0,1.113685444518546,mGal,0.02,OK,synthetic_demo
ST_0544,400.0,0.0,400.0,1.1124534547757186,mGal,0.02,OK,synthetic_demo
ST_0545,400.0,0.0,425.0,1.0688115650705807,mGal,0.02,OK,synthetic_demo
ST_0546,400.0,0.0,450.0,1.0329446380744285,mGal,0.02,OK,synthetic_demo
ST_0547,400.0,0.0,475.0,0.987824216429339,mGal,0.02,OK,synthetic_demo
ST_0548,400.0,0.0,500.0,0.8787198205645116,mGal,0.02,OK,synthetic_demo
ST_0549,400.0,0.0,525.0,0.8032242637088396,mGal,0.02,OK,synthetic_demo
ST_0550,400.0,0.0,550.0,0.687660238717549,mGal,0.02,OK,synthetic_demo
ST_0551,400.0,0.0,575.0,0.5992003045234571,mGal,0.02,OK,synthetic_demo
ST_0552,400.0,0.0,600.0,0.5486262498613017,mGal,0.02,OK,synthetic_demo
ST_0553,400.0,0.0,625.0,0.47716746309915786,mGal,0.02,OK,synthetic_demo
ST_0554,400.0,0.0,650.0,0.4177555249170253,mGal,0.02,OK,synthetic_demo
ST_0555,400.0,0.0,675.0,0.35253784600851906,mGal,0.02,OK,synthetic_demo
ST_0556,400.0,0.0,700.0,0.2886905449670829,mGal,0.02,OK,synthetic_demo
ST_0557,400.0,0.0,725.0,0.2436152209420095,mGal,0.02,OK,synthetic_demo
ST_0558,400.0,0.0,750.0,0.2074686873899525,mGal,0.02,OK,synthetic_demo
ST_0559,400.0,0.0,775.0,0.19191995939949552,mGal,0.02,OK,synthetic_demo
ST_0560,400.0,0.0,800.0,0.15956283217402353,mGal,0.02,OK,synthetic_demo
ST_0561,425.0,0.0,0.0,0.14281221621772963,mGal,0.02,OK,synthetic_demo
ST_0562,425.0,0.0,25.0,0.20457770042942497,mGal,0.02,OK,synthetic_demo
ST_0563,425.0,0.0,50.0,0.23020396425889256,mGal,0.02,OK,synthetic_demo
ST_0564,425.0,0.0,75.0,0.28002591682332656,mGal,0.02,OK,synthetic_demo
ST_0565,425.0,0.0,100.0,0.34966964015923374,mGal,0.02,OK,synthetic_demo
ST_0566,425.0,0.0,125.0,0.40872787520110887,mGal,0.02,OK,synthetic_demo
ST_0567,425.0,0.0,150.0,0.4419841032991715,mGal,0.02,OK,synthetic_demo
ST_0568,425.0,0.0,175.0,0.5173983418263531,mGal,0.02,OK,synthetic_demo
ST_0569,425.0,0.0,200.0,0.5925008429828237,mGal,0.02,OK,synthetic_demo
ST_0570,425.0,0.0,225.0,0.6960735153117489,mGal,0.02,OK,synthetic_demo
ST_0571,425.0,0.0,250.0,0.7667151945194085,mGal,0.02,OK,synthetic_demo
ST_0572,425.0,0.0,275.0,0.844905510379862,mGal,0.02,OK,synthetic_demo
ST_0573,425.0,0.0,300.0,0.9624836536294276,mGal,0.02,OK,synthetic_demo
ST_0574,425.0,0.0,325.0,1.0423013259540381,mGal,0.02,OK,synthetic_demo
ST_0575,425.0,0.0,350.0,1.0703082889492832,mGal,0.02,OK,synthetic_demo
ST_0576,425.0,0.0,375.0,1.1542555315995735,mGal,0.02,OK,synthetic_demo
ST_0577,425.0,0.0,400.0,1.0916875600494216,mGal,0.02,OK,synthetic_demo
ST_0578,425.0,0.0,425.0,1.0630836040561937,mGal,0.02,OK,synthetic_demo
ST_0579,425.0,0.0,450.0,1.0156383400002558,mGal,0.02,OK,synthetic_demo
ST_0580,425.0,0.0,475.0,0.9694861453512038,mGal,0.02,OK,synthetic_demo
ST_0581,425.0,0.0,500.0,0.8848513028653209,mGal,0.02,OK,synthetic_demo
ST_0582,425.0,0.0,525.0,0.8061006190591966,mGal,0.02,OK,synthetic_demo
ST_0583,425.0,0.0,550.0,0.7171525443097513,mGal,0.02,OK,synthetic_demo
ST_0584,425.0,0.0,575.0,0.6023339754653001,mGal,0.02,OK,synthetic_demo
ST_0585,425.0,0.0,600.0,0.5450188703173514,mGal,0.02,OK,synthetic_demo
ST_0586,425.0,0.0,625.0,0.4142475493979461,mGal,0.02,OK,synthetic_demo
ST_0587,425.0,0.0,650.0,0.3840764035555615,mGal,0.02,OK,synthetic_demo
ST_0588,425.0,0.0,675.0,0.30769417844250957,mGal,0.02,OK,synthetic_demo
ST_0589,425.0,0.0,700.0,0.3257926621651521,mGal,0.02,OK,synthetic_demo
ST_0590,425.0,0.0,725.0,0.21956552742310995,mGal,0.02,OK,synthetic_demo
ST_0591,425.0,0.0,750.0,0.2255702838616545,mGal,0.02,OK,synthetic_demo
ST_0592,425.0,0.0,775.0,0.19217624269312494,mGal,0.02,OK,synthetic_demo
ST_0593,425.0,0.0,800.0,0.16723346126142838,mGal,0.02,OK,synthetic_demo
ST_0594,450.0,0.0,0.0,0.14953767171991134,mGal,0.02,OK,synthetic_demo
ST_0595,450.0,0.0,25.0,0.2298250046388473,mGal,0.02,OK,synthetic_demo
ST_0596,450.0,0.0,50.0,0.27607534197152866,mGal,0.02,OK,synthetic_demo
ST_0597,450.0,0.0,75.0,0.3208249210748838,mGal,0.02,OK,synthetic_demo
ST_0598,450.0,0.0,100.0,0.3173868758917488,mGal,0.02,OK,synthetic_demo
ST_0599,450.0,0.0,125.0,0.3932796889079761,mGal,0.02,OK,synthetic_demo
ST_0600,450.0,0.0,150.0,0.45307219243877755,mGal,0.02,OK,synthetic_demo
ST_0601,450.0,0.0,175.0,0.506176436166624,mGal,0.02,OK,synthetic_demo
ST_0602,450.0,0.0,200.0,0.5951080472173418,mGal,0.02,OK,synthetic_demo
ST_0603,450.0,0.0,225.0,0.7114399154263069,mGal,0.02,OK,synthetic_demo
ST_0604,450.0,0.0,250.0,0.7615546099774398,mGal,0.02,OK,synthetic_demo
ST_0605,450.0,0.0,275.0,0.864714167118392,mGal,0.02,OK,synthetic_demo
ST_0606,450.0,0.0,300.0,0.9523005068479945,mGal,0.02,OK,synthetic_demo
ST_0607,450.0,0.0,325.0,1.0328893351386879,mGal,0.02,OK,synthetic_demo
ST_0608,450.0,0.0,350.0,1.050266779069472,mGal,0.02,OK,synthetic_demo
ST_0609,450.0,0.0,375.0,1.1119018321285783,mGal,0.02,OK,synthetic_demo
ST_0610,450.0,0.0,400.0,1.100972934886965,mGal,0.02,OK,synthetic_demo
ST_0611,450.0,0.0,425.0,1.0643224778486449,mGal,0.02,OK,synthetic_demo
ST_0612,450.0,0.0,450.0,1.0459451308926213,mGal,0.02,OK,synthetic_demo
ST_0613,450.0,0.0,475.0,0.9821442822323314,mGal,0.02,OK,synthetic_demo
ST_0614,450.0,0.0,500.0,0.8825687975175984,mGal,0.02,OK,synthetic_demo
ST_0615,450.0,0.0,525.0,0.7759222176981535,mGal,0.02,OK,synthetic_demo
ST_0616,450.0,0.0,550.0,0.6976698268169154,mGal,0.02,OK,synthetic_demo
ST_0617,450.0,0.0,575.0,0.5838045002826973,mGal,0.02,OK,synthetic_demo
ST_0618,450.0,0.0,600.0,0.5189004083801924,mGal,0.02,OK,synthetic_demo
ST_0619,450.0,0.0,625.0,0.4622810590161429,mGal,0.02,OK,synthetic_demo
ST_0620,450.0,0.0,650.0,0.388771659696526,mGal,0.02,OK,synthetic_demo
ST_0621,450.0,0.0,675.0,0.34776346646741674,mGal,0.02,OK,synthetic_demo
ST_0622,450.0,0.0,700.0,0.31781537621456124,mGal,0.02,OK,synthetic_demo
ST_0623,450.0,0.0,725.0,0.26078878838506026,mGal,0.02,OK,synthetic_demo
ST_0624,450.0,0.0,750.0,0.2187340540213593,mGal,0.02,OK,synthetic_demo
ST_0625,450.0,0.0,775.0,0.21724298503868586,mGal,0.02,OK,synthetic_demo
ST_0626,450.0,0.0,800.0,0.18332971999128758,mGal,0.02,OK,synthetic_demo
ST_0627,475.0,0.0,0.0,0.165752047614037,mGal,0.02,OK,synthetic_demo
ST_0628,475.0,0.0,25.0,0.21402567286349594,mGal,0.02,OK,synthetic_demo
ST_0629,475.0,0.0,50.0,0.2803683550306407,mGal,0.02,OK,synthetic_demo
ST_0630,475.0,0.0,75.0,0.2520267304673986,mGal,0.02,OK,synthetic_demo
ST_0631,475.0,0.0,100.0,0.3511800253522649,mGal,0.02,OK,synthetic_demo
ST_0632,475.0,0.0,125.0,0.3558530699913689,mGal,0.02,OK,synthetic_demo
ST_0633,475.0,0.0,150.0,0.42865840559391555,mGal,0.02,OK,synthetic_demo
ST_0634,475.0,0.0,175.0,0.5237028712898416,mGal,0.02,OK,synthetic_demo
ST_0635,475.0,0.0,200.0,0.5977734657422742,mGal,0.02,OK,synthetic_demo
ST_0636,475.0,0.0,225.0,0.6719810780641845,mGal,0.02,OK,synthetic_demo
ST_0637,475.0,0.0,250.0,0.7609897778352072,mGal,0.02,OK,synthetic_demo
ST_0638,475.0,0.0,275.0,0.8582305155547891,mGal,0.02,OK,synthetic_demo
ST_0639,475.0,0.0,300.0,0.9020004318420375,mGal,0.02,OK,synthetic_demo
ST_0640,475.0,0.0,325.0,0.9923138333928365,mGal,0.02,OK,synthetic_demo
ST_0641,475.0,0.0,350.0,1.0279427681009827,mGal,0.02,OK,synthetic_demo
ST_0642,475.0,0.0,375.0,1.0353975053511393,mGal,0.02,OK,synthetic_demo
ST_0643,475.0,0.0,400.0,1.0599687309444805,mGal,0.02,OK,synthetic_demo
ST_0644,475.0,0.0,425.0,1.0518702954562855,mGal,0.02,OK,synthetic_demo
ST_0645,475.0,0.0,450.0,0.9729984841185156,mGal,0.02,OK,synthetic_demo
ST_0646,475.0,0.0,475.0,0.9447682789814452,mGal,0.02,OK,synthetic_demo
ST_0647,475.0,0.0,500.0,0.8397630998683228,mGal,0.02,OK,synthetic_demo
ST_0648,475.0,0.0,525.0,0.7512894316990111,mGal,0.02,OK,synthetic_demo
ST_0649,475.0,0.0,550.0,0.6682246666953835,mGal,0.02,OK,synthetic_demo
ST_0650,475.0,0.0,575.0,0.5721282944537314,mGal,0.02,OK,synthetic_demo
ST_0651,475.0,0.0,600.0,0.5156336101277591,mGal,0.02,OK,synthetic_demo
ST_0652,475.0,0.0,625.0,0.40688463173858747,mGal,0.02,OK,synthetic_demo
ST_0653,475.0,0.0,650.0,0.3911507575173653,mGal,0.02,OK,synthetic_demo
ST_0654,475.0,0.0,675.0,0.36365436210954594,mGal,0.02,OK,synthetic_demo
ST_0655,475.0,0.0,700.0,0.26629512854047954,mGal,0.02,OK,synthetic_demo
ST_0656,475.0,0.0,725.0,0.24843959311123087,mGal,0.02,OK,synthetic_demo
ST_0657,475.0,0.0,750.0,0.1949966072541127,mGal,0.02,OK,synthetic_demo
ST_0658,475.0,0.0,775.0,0.19612402954403144,mGal,0.02,OK,synthetic_demo
ST_0659,475.0,0.0,800.0,0.15459342579140817,mGal,0.02,OK,synthetic_demo
ST_0660,500.0,0.0,0.0,0.1449739519058248,mGal,0.02,OK,synthetic_demo
ST_0661,500.0,0.0,25.0,0.21701422359852107,mGal,0.02,OK,synthetic_demo
ST_0662,500.0,0.0,50.0,0.2222086570305818,mGal,0.02,OK,synthetic_demo
ST_0663,500.0,0.0,75.0,0.25402061012932986,mGal,0.02,OK,synthetic_demo
ST_0664,500.0,0.0,100.0,0.3225507628606422,mGal,0.02,OK,synthetic_demo
ST_0665,500.0,0.0,125.0,0.3474838779748256,mGal,0.02,OK,synthetic_demo
ST_0666,500.0,0.0,150.0,0.43581969694413447,mGal,0.02,OK,synthetic_demo
ST_0667,500.0,0.0,175.0,0.48546909442652625,mGal,0.02,OK,synthetic_demo
ST_0668,500.0,0.0,200.0,0.5439403042549308,mGal,0.02,OK,synthetic_demo
ST_0669,500.0,0.0,225.0,0.6147859294202304,mGal,0.02,OK,synthetic_demo
ST_0670,500.0,0.0,250.0,0.7230557703719557,mGal,0.02,OK,synthetic_demo
ST_0671,500.0,0.0,275.0,0.7714355007021075,mGal,0.02,OK,synthetic_demo
ST_0672,500.0,0.0,300.0,0.8230849312001036,mGal,0.02,OK,synthetic_demo
ST_0673,500.0,0.0,325.0,0.9392335559711796,mGal,0.02,OK,synthetic_demo
ST_0674,500.0,0.0,350.0,0.9978323863019724,mGal,0.02,OK,synthetic_demo
ST_0675,500.0,0.0,375.0,0.9894500546294266,mGal,0.02,OK,synthetic_demo
ST_0676,500.0,0.0,400.0,1.035621000634453,mGal,0.02,OK,synthetic_demo
ST_0677,500.0,0.0,425.0,0.9854017115848572,mGal,0.02,OK,synthetic_demo
ST_0678,500.0,0.0,450.0,0.8977095047881954,mGal,0.02,OK,synthetic_demo
ST_0679,500.0,0.0,475.0,0.8594247423640734,mGal,0.02,OK,synthetic_demo
ST_0680,500.0,0.0,500.0,0.8227921696778491,mGal,0.02,OK,synthetic_demo
ST_0681,500.0,0.0,525.0,0.7272811211916445,mGal,0.02,OK,synthetic_demo
ST_0682,500.0,0.0,550.0,0.632354329163536,mGal,0.02,OK,synthetic_demo
ST_0683,500.0,0.0,575.0,0.5396540048115217,mGal,0.02,OK,synthetic_demo
ST_0684,500.0,0.0,600.0,0.4723915140652182,mGal,0.02,OK,synthetic_demo
ST_0685,500.0,0.0,625.0,0.3848898616998236,mGal,0.02,OK,synthetic_demo
ST_0686,500.0,0.0,650.0,0.38135856032054644,mGal,0.02,OK,synthetic_demo
ST_0687,500.0,0.0,675.0,0.31031005007250284,mGal,0.02,OK,synthetic_demo
ST_0688,500.0,0.0,700.0,0.25725098717265354,mGal,0.02,OK,synthetic_demo
ST_0689,500.0,0.0,725.0,0.24276941272915878,mGal,0.02,OK,synthetic_demo
ST_0690,500.0,0.0,750.0,0.20710976377566573,mGal,0.02,OK,synthetic_demo
ST_0691,500.0,0.0,775.0,0.18294374917445555,mGal,0.02,OK,synthetic_demo
ST_0692,500.0,0.0,800.0,0.17182238119489746,mGal,0.02,OK,synthetic_demo
ST_0693,525.0,0.0,0.0,0.159790951754241,mGal,0.02,OK,synthetic_demo
ST_0694,525.0,0.0,25.0,0.17774422633094278,mGal,0.02,OK,synthetic_demo
ST_0695,525.0,0.0,50.0,0.2269029847625538,mGal,0.02,OK,synthetic_demo
ST_0696,525.0,0.0,75.0,0.23588530276895475,mGal,0.02,OK,synthetic_demo
ST_0697,525.0,0.0,100.0,0.300786318719796,mGal,0.02,OK,synthetic_demo
ST_0698,525.0,0.0,125.0,0.3458212656823112,mGal,0.02,OK,synthetic_demo
ST_0699,525.0,0.0,150.0,0.37098093234314394,mGal,0.02,OK,synthetic_demo
ST_0700,525.0,0.0,175.0,0.4356302819596317,mGal,0.02,OK,synthetic_demo
ST_0701,525.0,0.0,200.0,0.5408733045879365,mGal,0.02,OK,synthetic_demo
ST_0702,525.0,0.0,225.0,0.5501617962693224,mGal,0.02,OK,synthetic_demo
ST_0703,525.0,0.0,250.0,0.6773040421644633,mGal,0.02,OK,synthetic_demo
ST_0704,525.0,0.0,275.0,0.7397223121517077,mGal,0.02,OK,synthetic_demo
ST_0705,525.0,0.0,300.0,0.7828684351179724,mGal,0.02,OK,synthetic_demo
ST_0706,525.0,0.0,325.0,0.8495566165532581,mGal,0.02,OK,synthetic_demo
ST_0707,525.0,0.0,350.0,0.9000264090231862,mGal,0.02,OK,synthetic_demo
ST_0708,525.0,0.0,375.0,0.9168640666466541,mGal,0.02,OK,synthetic_demo
ST_0709,525.0,0.0,400.0,0.9032407820007516,mGal,0.02,OK,synthetic_demo
ST_0710,525.0,0.0,425.0,0.891440484163369,mGal,0.02,OK,synthetic_demo
ST_0711,525.0,0.0,450.0,0.8735821305531026,mGal,0.02,OK,synthetic_demo
ST_0712,525.0,0.0,475.0,0.8212730406481827,mGal,0.02,OK,synthetic_demo
ST_0713,525.0,0.0,500.0,0.7071153819504715,mGal,0.02,OK,synthetic_demo
ST_0714,525.0,0.0,525.0,0.6957464067725735,mGal,0.02,OK,synthetic_demo
ST_0715,525.0,0.0,550.0,0.6133061741417573,mGal,0.02,OK,synthetic_demo
ST_0716,525.0,0.0,575.0,0.545711107627376,mGal,0.02,OK,synthetic_demo
ST_0717,525.0,0.0,600.0,0.45816222001294177,mGal,0.02,OK,synthetic_demo
ST_0718,525.0,0.0,625.0,0.4329904766705762,mGal,0.02,OK,synthetic_demo
ST_0719,525.0,0.0,650.0,0.3583276421323293,mGal,0.02,OK,synthetic_demo
ST_0720,525.0,0.0,675.0,0.30479375668463055,mGal,0.02,OK,synthetic_demo
ST_0721,525.0,0.0,700.0,0.24166393345801432,mGal,0.02,OK,synthetic_demo
ST_0722,525.0,0.0,725.0,0.19384223376098442,mGal,0.02,OK,synthetic_demo
ST_0723,525.0,0.0,750.0,0.18439203997744663,mGal,0.02,OK,synthetic_demo
ST_0724,525.0,0.0,775.0,0.1868341502463947,mGal,0.02,OK,synthetic_demo
ST_0725,525.0,0.0,800.0,0.13576404310644682,mGal,0.02,OK,synthetic_demo
ST_0726,550.0,0.0,0.0,0.1397599497819112,mGal,0.02,OK,synthetic_demo
ST_0727,550.0,0.0,25.0,0.17569592374065582,mGal,0.02,OK,synthetic_demo
ST_0728,550.0,0.0,50.0,0.21667453965534758,mGal,0.02,OK,synthetic_demo
ST_0729,550.0,0.0,75.0,0.24993129881380016,mGal,0.02,OK,synthetic_demo
ST_0730,550.0,0.0,100.0,0.27806474325415986,mGal,0.02,OK,synthetic_demo
ST_0731,550.0,0.0,125.0,0.32720385050337975,mGal,0.02,OK,synthetic_demo
ST_0732,550.0,0.0,150.0,0.3538403333225246,mGal,0.02,OK,synthetic_demo
ST_0733,550.0,0.0,175.0,0.47921536622262306,mGal,0.02,OK,synthetic_demo
ST_0734,550.0,0.0,200.0,0.4855033700948649,mGal,0.02,OK,synthetic_demo
ST_0735,550.0,0.0,225.0,0.5460463205822306,mGal,0.02,OK,synthetic_demo
ST_0736,550.0,0.0,250.0,0.6101760157351473,mGal,0.02,OK,synthetic_demo
ST_0737,550.0,0.0,275.0,0.6832114959967297,mGal,0.02,OK,synthetic_demo
ST_0738,550.0,0.0,300.0,0.7468241353957928,mGal,0.02,OK,synthetic_demo
ST_0739,550.0,0.0,325.0,0.732741901389818,mGal,0.02,OK,synthetic_demo
ST_0740,550.0,0.0,350.0,0.7945961443293718,mGal,0.02,OK,synthetic_demo
ST_0741,550.0,0.0,375.0,0.8241994599628585,mGal,0.02,OK,synthetic_demo
ST_0742,550.0,0.0,400.0,0.8296595297523791,mGal,0.02,OK,synthetic_demo
ST_0743,550.0,0.0,425.0,0.824860959128062,mGal,0.02,OK,synthetic_demo
ST_0744,550.0,0.0,450.0,0.8111829295755425,mGal,0.02,OK,synthetic_demo
ST_0745,550.0,0.0,475.0,0.7371862975251618,mGal,0.02,OK,synthetic_demo
ST_0746,550.0,0.0,500.0,0.7167757632281577,mGal,0.02,OK,synthetic_demo
ST_0747,550.0,0.0,525.0,0.6062791354715416,mGal,0.02,OK,synthetic_demo
ST_0748,550.0,0.0,550.0,0.5691636808795701,mGal,0.02,OK,synthetic_demo
ST_0749,550.0,0.0,575.0,0.46711747171678936,mGal,0.02,OK,synthetic_demo
ST_0750,550.0,0.0,600.0,0.44138900916704166,mGal,0.02,OK,synthetic_demo
ST_0751,550.0,0.0,625.0,0.3914685193630051,mGal,0.02,OK,synthetic_demo
ST_0752,550.0,0.0,650.0,0.34634654539405185,mGal,0.02,OK,synthetic_demo
ST_0753,550.0,0.0,675.0,0.2666183570647313,mGal,0.02,OK,synthetic_demo
ST_0754,550.0,0.0,700.0,0.25589108538827976,mGal,0.02,OK,synthetic_demo
ST_0755,550.0,0.0,725.0,0.20947955140138314,mGal,0.02,OK,synthetic_demo
ST_0756,550.0,0.0,750.0,0.19916901729031308,mGal,0.02,OK,synthetic_demo
ST_0757,550.0,0.0,775.0,0.18073022551862994,mGal,0.02,OK,synthetic_demo
ST_0758,550.0,0.0,800.0,0.13610438058624696,mGal,0.02,OK,synthetic_demo
ST_0759,575.0,0.0,0.0,0.16721318341070263,mGal,0.02,OK,synthetic_demo
ST_0760,575.0,0.0,25.0,0.1639738637113743,mGal,0.02,OK,synthetic_demo
ST_0761,575.0,0.0,50.0,0.1979985492356494,mGal,0.02,OK,synthetic_demo
ST_0762,575.0,0.0,75.0,0.2118728667898364,mGal,0.02,OK,synthetic_demo
ST_0763,575.0,0.0,100.0,0.2749225610031505,mGal,0.02,OK,synthetic_demo
ST_0764,575.0,0.0,125.0,0.3014001689467382,mGal,0.02,OK,synthetic_demo
ST_0765,575.0,0.0,150.0,0.3039320629892794,mGal,0.02,OK,synthetic_demo
ST_0766,575.0,0.0,175.0,0.4012754817780461,mGal,0.02,OK,synthetic_demo
ST_0767,575.0,0.0,200.0,0.44652488710052074,mGal,0.02,OK,synthetic_demo
ST_0768,575.0,0.0,225.0,0.5209720957897428,mGal,0.02,OK,synthetic_demo
ST_0769,575.0,0.0,250.0,0.5662658593170447,mGal,0.02,OK,synthetic_demo
ST_0770,575.0,0.0,275.0,0.5818573021016781,mGal,0.02,OK,synthetic_demo
ST_0771,575.0,0.0,300.0,0.6665470204066877,mGal,0.02,OK,synthetic_demo
ST_0772,575.0,0.0,325.0,0.6775763046688698,mGal,0.02,OK,synthetic_demo
ST_0773,575.0,0.0,350.0,0.7089874154878234,mGal,0.02,OK,synthetic_demo
ST_0774,575.0,0.0,375.0,0.7240300371492966,mGal,0.02,OK,synthetic_demo
ST_0775,575.0,0.0,400.0,0.7004811871716157,mGal,0.02,OK,synthetic_demo
ST_0776,575.0,0.0,425.0,0.7461482139020078,mGal,0.02,OK,synthetic_demo
ST_0777,575.0,0.0,450.0,0.6819364277382453,mGal,0.02,OK,synthetic_demo
ST_0778,575.0,0.0,475.0,0.6547532399399548,mGal,0.02,OK,synthetic_demo
ST_0779,575.0,0.0,500.0,0.6199430347220877,mGal,0.02,OK,synthetic_demo
ST_0780,575.0,0.0,525.0,0.5532107403911504,mGal,0.02,OK,synthetic_demo
ST_0781,575.0,0.0,550.0,0.5516213685905137,mGal,0.02,OK,synthetic_demo
ST_0782,575.0,0.0,575.0,0.4614637039874013,mGal,0.02,OK,synthetic_demo
ST_0783,575.0,0.0,600.0,0.38752880994310407,mGal,0.02,OK,synthetic_demo
ST_0784,575.0,0.0,625.0,0.3462963236508719,mGal,0.02,OK,synthetic_demo
ST_0785,575.0,0.0,650.0,0.29926850257864085,mGal,0.02,OK,synthetic_demo
ST_0786,575.0,0.0,675.0,0.2785289766763959,mGal,0.02,OK,synthetic_demo
ST_0787,575.0,0.0,700.0,0.22738412380966022,mGal,0.02,OK,synthetic_demo
ST_0788,575.0,0.0,725.0,0.1846842107286894,mGal,0.02,OK,synthetic_demo
ST_0789,575.0,0.0,750.0,0.1886222107704486,mGal,0.02,OK,synthetic_demo
ST_0790,575.0,0.0,775.0,0.15423287066974756,mGal,0.02,OK,synthetic_demo
ST_0791,575.0,0.0,800.0,0.1217384290189468,mGal,0.02,OK,synthetic_demo
ST_0792,600.0,0.0,0.0,0.1758315425816258,mGal,0.02,OK,synthetic_demo
ST_0793,600.0,0.0,25.0,0.17367293427093064,mGal,0.02,OK,synthetic_demo
ST_0794,600.0,0.0,50.0,0.141332939103281,mGal,0.02,OK,synthetic_demo
ST_0795,600.0,0.0,75.0,0.22751090420828074,mGal,0.02,OK,synthetic_demo
ST_0796,600.0,0.0,100.0,0.24455273915413483,mGal,0.02,OK,synthetic_demo
ST_0797,600.0,0.0,125.0,0.2746936611245262,mGal,0.02,OK,synthetic_demo
ST_0798,600.0,0.0,150.0,0.3058350189259311,mGal,0.02,OK,synthetic_demo
ST_0799,600.0,0.0,175.0,0.3546252660032767,mGal,0.02,OK,synthetic_demo
ST_0800,600.0,0.0,200.0,0.4430780388788398,mGal,0.02,OK,synthetic_demo
ST_0801,600.0,0.0,225.0,0.45719730807675485,mGal,0.02,OK,synthetic_demo
ST_0802,600.0,0.0,250.0,0.4818939175756844,mGal,0.02,OK,synthetic_demo
ST_0803,600.0,0.0,275.0,0.5393072530363516,mGal,0.02,OK,synthetic_demo
ST_0804,600.0,0.0,300.0,0.6118020970112158,mGal,0.02,OK,synthetic_demo
ST_0805,600.0,0.0,325.0,0.6000932342520484,mGal,0.02,OK,synthetic_demo
ST_0806,600.0,0.0,350.0,0.6154542471946329,mGal,0.02,OK,synthetic_demo
ST_0807,600.0,0.0,375.0,0.6447086222994135,mGal,0.02,OK,synthetic_demo
ST_0808,600.0,0.0,400.0,0.6418808623971983,mGal,0.02,OK,synthetic_demo
ST_0809,600.0,0.0,425.0,0.6394243976084462,mGal,0.02,OK,synthetic_demo
ST_0810,600.0,0.0,450.0,0.6366190427240405,mGal,0.02,OK,synthetic_demo
ST_0811,600.0,0.0,475.0,0.5809302248438319,mGal,0.02,OK,synthetic_demo
ST_0812,600.0,0.0,500.0,0.552877709916655,mGal,0.02,OK,synthetic_demo
ST_0813,600.0,0.0,525.0,0.48514083829236104,mGal,0.02,OK,synthetic_demo
ST_0814,600.0,0.0,550.0,0.4585069704912021,mGal,0.02,OK,synthetic_demo
ST_0815,600.0,0.0,575.0,0.40602885928805,mGal,0.02,OK,synthetic_demo
ST_0816,600.0,0.0,600.0,0.385199626780467,mGal,0.02,OK,synthetic_demo
ST_0817,600.0,0.0,625.0,0.3365822348360916,mGal,0.02,OK,synthetic_demo
ST_0818,600.0,0.0,650.0,0.28703729522690663,mGal,0.02,OK,synthetic_demo
ST_0819,600.0,0.0,675.0,0.2246104797732218,mGal,0.02,OK,synthetic_demo
ST_0820,600.0,0.0,700.0,0.23387120982671822,mGal,0.02,OK,synthetic_demo
ST_0821,600.0,0.0,725.0,0.19056935106233502,mGal,0.02,OK,synthetic_demo
ST_0822,600.0,0.0,750.0,0.16489958119433665,mGal,0.02,OK,synthetic_demo
ST_0823,600.0,0.0,775.0,0.14295750526141965,mGal,0.02,OK,synthetic_demo
ST_0824,600.0,0.0,800.0,0.1122091317740393,mGal,0.02,OK,synthetic_demo
ST_0825,625.0,0.0,0.0,0.10050994625268808,mGal,0.02,OK,synthetic_demo
ST_0826,625.0,0.0,25.0,0.16734471996687625,mGal,0.02,OK,synthetic_demo
ST_0827,625.0,0.0,50.0,0.18791223100532237,mGal,0.02,OK,synthetic_demo
ST_0828,625.0,0.0,75.0,0.18704258690729414,mGal,0.02,OK,synthetic_demo
ST_0829,625.0,0.0,100.0,0.26330045492388554,mGal,0.02,OK,synthetic_demo
ST_0830,625.0,0.0,125.0,0.24744712753808465,mGal,0.02,OK,synthetic_demo
ST_0831,625.0,0.0,150.0,0.2956220952903739,mGal,0.02,OK,synthetic_demo
ST_0832,625.0,0.0,175.0,0.3420704949494519,mGal,0.02,OK,synthetic_demo
ST_0833,625.0,0.0,200.0,0.3497083711667283,mGal,0.02,OK,synthetic_demo
ST_0834,625.0,0.0,225.0,0.4088809599435098,mGal,0.02,OK,synthetic_demo
ST_0835,625.0,0.0,250.0,0.43403572153459297,mGal,0.02,OK,synthetic_demo
ST_0836,625.0,0.0,275.0,0.46224958904377206,mGal,0.02,OK,synthetic_demo
ST_0837,625.0,0.0,300.0,0.5302644916207981,mGal,0.02,OK,synthetic_demo
ST_0838,625.0,0.0,325.0,0.5776807689899425,mGal,0.02,OK,synthetic_demo
ST_0839,625.0,0.0,350.0,0.5240569196933175,mGal,0.02,OK,synthetic_demo
ST_0840,625.0,0.0,375.0,0.6043216219278342,mGal,0.02,OK,synthetic_demo
ST_0841,625.0,0.0,400.0,0.5824339640964531,mGal,0.02,OK,synthetic_demo
ST_0842,625.0,0.0,425.0,0.5934782408113435,mGal,0.02,OK,synthetic_demo
ST_0843,625.0,0.0,450.0,0.5153940165288905,mGal,0.02,OK,synthetic_demo
ST_0844,625.0,0.0,475.0,0.5038322855475269,mGal,0.02,OK,synthetic_demo
ST_0845,625.0,0.0,500.0,0.4793871853467647,mGal,0.02,OK,synthetic_demo
ST_0846,625.0,0.0,525.0,0.4516500350735002,mGal,0.02,OK,synthetic_demo
ST_0847,625.0,0.0,550.0,0.42000870725996503,mGal,0.02,OK,synthetic_demo
ST_0848,625.0,0.0,575.0,0.35321426167920483,mGal,0.02,OK,synthetic_demo
ST_0849,625.0,0.0,600.0,0.34494689278706475,mGal,0.02,OK,synthetic_demo
ST_0850,625.0,0.0,625.0,0.3039322492500105,mGal,0.02,OK,synthetic_demo
ST_0851,625.0,0.0,650.0,0.2779391985027403,mGal,0.02,OK,synthetic_demo
ST_0852,625.0,0.0,675.0,0.2141530852979485,mGal,0.02,OK,synthetic_demo
ST_0853,625.0,0.0,700.0,0.21174453112264746,mGal,0.02,OK,synthetic_demo
ST_0854,625.0,0.0,725.0,0.18333598003934778,mGal,0.02,OK,synthetic_demo
ST_0855,625.0,0.0,750.0,0.14017388015146615,mGal,0.02,OK,synthetic_demo
ST_0856,625.0,0.0,775.0,0.12420922274579073,mGal,0.02,OK,synthetic_demo
ST_0857,625.0,0.0,800.0,0.15274516077526323,mGal,0.02,OK,synthetic_demo
ST_0858,650.0,0.0,0.0,0.1277181393314754,mGal,0.02,OK,synthetic_demo
ST_0859,650.0,0.0,25.0,0.12559095248397112,mGal,0.02,OK,synthetic_demo
ST_0860,650.0,0.0,50.0,0.15267679829889,mGal,0.02,OK,synthetic_demo
ST_0861,650.0,0.0,75.0,0.17365870637753858,mGal,0.02,OK,synthetic_demo
ST_0862,650.0,0.0,100.0,0.20932398306819372,mGal,0.02,OK,synthetic_demo
ST_0863,650.0,0.0,125.0,0.24813550458869266,mGal,0.02,OK,synthetic_demo
ST_0864,650.0,0.0,150.0,0.2381065620010713,mGal,0.02,OK,synthetic_demo
ST_0865,650.0,0.0,175.0,0.2713031360742231,mGal,0.02,OK,synthetic_demo
ST_0866,650.0,0.0,200.0,0.3423125763065621,mGal,0.02,OK,synthetic_demo
ST_0867,650.0,0.0,225.0,0.37294138134592403,mGal,0.02,OK,synthetic_demo
ST_0868,650.0,0.0,250.0,0.4002828133442574,mGal,0.02,OK,synthetic_demo
ST_0869,650.0,0.0,275.0,0.387690214495115,mGal,0.02,OK,synthetic_demo
ST_0870,650.0,0.0,300.0,0.470100334751887,mGal,0.02,OK,synthetic_demo
ST_0871,650.0,0.0,325.0,0.47690434206682447,mGal,0.02,OK,synthetic_demo
ST_0872,650.0,0.0,350.0,0.4685674400277082,mGal,0.02,OK,synthetic_demo
ST_0873,650.0,0.0,375.0,0.5053861015857645,mGal,0.02,OK,synthetic_demo
ST_0874,650.0,0.0,400.0,0.4735927331129327,mGal,0.02,OK,synthetic_demo
ST_0875,650.0,0.0,425.0,0.47920627194596427,mGal,0.02,OK,synthetic_demo
ST_0876,650.0,0.0,450.0,0.45303583411573867,mGal,0.02,OK,synthetic_demo
ST_0877,650.0,0.0,475.0,0.49108567098196776,mGal,0.02,OK,synthetic_demo
ST_0878,650.0,0.0,500.0,0.43940031689304637,mGal,0.02,OK,synthetic_demo
ST_0879,650.0,0.0,525.0,0.3834184259128485,mGal,0.02,OK,synthetic_demo
ST_0880,650.0,0.0,550.0,0.37541187581414337,mGal,0.02,OK,synthetic_demo
ST_0881,650.0,0.0,575.0,0.3434404086070331,mGal,0.02,OK,synthetic_demo
ST_0882,650.0,0.0,600.0,0.3224378950725312,mGal,0.02,OK,synthetic_demo
ST_0883,650.0,0.0,625.0,0.2770490949662821,mGal,0.02,OK,synthetic_demo
ST_0884,650.0,0.0,650.0,0.2282500077695106,mGal,0.02,OK,synthetic_demo
ST_0885,650.0,0.0,675.0,0.20778957798650907,mGal,0.02,OK,synthetic_demo
ST_0886,650.0,0.0,700.0,0.18620047704919498,mGal,0.02,OK,synthetic_demo
ST_0887,650.0,0.0,725.0,0.1597425116707577,mGal,0.02,OK,synthetic_demo
ST_0888,650.0,0.0,750.0,0.14420078801814443,mGal,0.02,OK,synthetic_demo
ST_0889,650.0,0.0,775.0,0.1250530957942864,mGal,0.02,OK,synthetic_demo
ST_0890,650.0,0.0,800.0,0.1327788750834261,mGal,0.02,OK,synthetic_demo
ST_0891,675.0,0.0,0.0,0.1555005331405798,mGal,0.02,OK,synthetic_demo
ST_0892,675.0,0.0,25.0,0.1296991725459857,mGal,0.02,OK,synthetic_demo
ST_0893,675.0,0.0,50.0,0.1426058614845268,mGal,0.02,OK,synthetic_demo
ST_0894,675.0,0.0,75.0,0.17633425047027246,mGal,0.02,OK,synthetic_demo
ST_0895,675.0,0.0,100.0,0.15957746772382014,mGal,0.02,OK,synthetic_demo
ST_0896,675.0,0.0,125.0,0.24306128442645175,mGal,0.02,OK,synthetic_demo
ST_0897,675.0,0.0,150.0,0.22041461879305962,mGal,0.02,OK,synthetic_demo
ST_0898,675.0,0.0,175.0,0.2645577288512631,mGal,0.02,OK,synthetic_demo
ST_0899,675.0,0.0,200.0,0.26631698135542653,mGal,0.02,OK,synthetic_demo
ST_0900,675.0,0.0,225.0,0.2876085342462846,mGal,0.02,OK,synthetic_demo
ST_0901,675.0,0.0,250.0,0.3386476063291647,mGal,0.02,OK,synthetic_demo
ST_0902,675.0,0.0,275.0,0.3495942280927978,mGal,0.02,OK,synthetic_demo
ST_0903,675.0,0.0,300.0,0.3944583067389463,mGal,0.02,OK,synthetic_demo
ST_0904,675.0,0.0,325.0,0.40124012847099555,mGal,0.02,OK,synthetic_demo
ST_0905,675.0,0.0,350.0,0.38768525902746553,mGal,0.02,OK,synthetic_demo
ST_0906,675.0,0.0,375.0,0.42416370846412904,mGal,0.02,OK,synthetic_demo
ST_0907,675.0,0.0,400.0,0.4173410282612753,mGal,0.02,OK,synthetic_demo
ST_0908,675.0,0.0,425.0,0.44068634422898434,mGal,0.02,OK,synthetic_demo
ST_0909,675.0,0.0,450.0,0.4153413318268309,mGal,0.02,OK,synthetic_demo
ST_0910,675.0,0.0,475.0,0.37893256263646696,mGal,0.02,OK,synthetic_demo
ST_0911,675.0,0.0,500.0,0.3281666689237433,mGal,0.02,OK,synthetic_demo
ST_0912,675.0,0.0,525.0,0.3348082084101007,mGal,0.02,OK,synthetic_demo
ST_0913,675.0,0.0,550.0,0.28074922095377314,mGal,0.02,OK,synthetic_demo
ST_0914,675.0,0.0,575.0,0.28865313604289156,mGal,0.02,OK,synthetic_demo
ST_0915,675.0,0.0,600.0,0.2574067961503236,mGal,0.02,OK,synthetic_demo
ST_0916,675.0,0.0,625.0,0.21821942971876765,mGal,0.02,OK,synthetic_demo
ST_0917,675.0,0.0,650.0,0.21603165629123633,mGal,0.02,OK,synthetic_demo
ST_0918,675.0,0.0,675.0,0.18267960910817974,mGal,0.02,OK,synthetic_demo
ST_0919,675.0,0.0,700.0,0.13976579270918799,mGal,0.02,OK,synthetic_demo
ST_0920,675.0,0.0,725.0,0.14933105378106362,mGal,0.02,OK,synthetic_demo
ST_0921,675.0,0.0,750.0,0.12846484281259213,mGal,0.02,OK,synthetic_demo
ST_0922,675.0,0.0,775.0,0.1011059615081223,mGal,0.02,OK,synthetic_demo
ST_0923,675.0,0.0,800.0,0.09678761288675852,mGal,0.02,OK,synthetic_demo
ST_0924,700.0,0.0,0.0,0.13751814793667128,mGal,0.02,OK,synthetic_demo
ST_0925,700.0,0.0,25.0,0.11186654400575152,mGal,0.02,OK,synthetic_demo
ST_0926,700.0,0.0,50.0,0.14000584443165526,mGal,0.02,OK,synthetic_demo
ST_0927,700.0,0.0,75.0,0.1733930147532043,mGal,0.02,OK,synthetic_demo
ST_0928,700.0,0.0,100.0,0.20942174891195592,mGal,0.02,OK,synthetic_demo
ST_0929,700.0,0.0,125.0,0.18263479026593285,mGal,0.02,OK,synthetic_demo
ST_0930,700.0,0.0,150.0,0.19390820991507957,mGal,0.02,OK,synthetic_demo
ST_0931,700.0,0.0,175.0,0.2388225163786738,mGal,0.02,OK,synthetic_demo
ST_0932,700.0,0.0,200.0,0.27023684865369585,mGal,0.02,OK,synthetic_demo
ST_0933,700.0,0.0,225.0,0.32367722552685635,mGal,0.02,OK,synthetic_demo
ST_0934,700.0,0.0,250.0,0.29228328112405794,mGal,0.02,OK,synthetic_demo
ST_0935,700.0,0.0,275.0,0.3190228472777007,mGal,0.02,OK,synthetic_demo
ST_0936,700.0,0.0,300.0,0.34333474787917445,mGal,0.02,OK,synthetic_demo
ST_0937,700.0,0.0,325.0,0.35268483020853736,mGal,0.02,OK,synthetic_demo
ST_0938,700.0,0.0,350.0,0.3620896623386049,mGal,0.02,OK,synthetic_demo
ST_0939,700.0,0.0,375.0,0.37148597434365055,mGal,0.02,OK,synthetic_demo
ST_0940,700.0,0.0,400.0,0.3653598687226444,mGal,0.02,OK,synthetic_demo
ST_0941,700.0,0.0,425.0,0.36763793637654923,mGal,0.02,OK,synthetic_demo
ST_0942,700.0,0.0,450.0,0.3533320374024614,mGal,0.02,OK,synthetic_demo
ST_0943,700.0,0.0,475.0,0.3334692538993539,mGal,0.02,OK,synthetic_demo
ST_0944,700.0,0.0,500.0,0.3332534843250021,mGal,0.02,OK,synthetic_demo
ST_0945,700.0,0.0,525.0,0.31556369844976917,mGal,0.02,OK,synthetic_demo
ST_0946,700.0,0.0,550.0,0.2651514615835023,mGal,0.02,OK,synthetic_demo
ST_0947,700.0,0.0,575.0,0.2598369029615231,mGal,0.02,OK,synthetic_demo
ST_0948,700.0,0.0,600.0,0.240335006221678,mGal,0.02,OK,synthetic_demo
ST_0949,700.0,0.0,625.0,0.23274829522852686,mGal,0.02,OK,synthetic_demo
ST_0950,700.0,0.0,650.0,0.18348166757450088,mGal,0.02,OK,synthetic_demo
ST_0951,700.0,0.0,675.0,0.20533752717804452,mGal,0.02,OK,synthetic_demo
ST_0952,700.0,0.0,700.0,0.18867425746953786,mGal,0.02,OK,synthetic_demo
ST_0953,700.0,0.0,725.0,0.14641395048185857,mGal,0.02,OK,synthetic_demo
ST_0954,700.0,0.0,750.0,0.11628737472316122,mGal,0.02,OK,synthetic_demo
ST_0955,700.0,0.0,775.0,0.10118163184929163,mGal,0.02,OK,synthetic_demo
ST_0956,700.0,0.0,800.0,0.09532022163591246,mGal,0.02,OK,synthetic_demo
ST_0957,725.0,0.0,0.0,0.13834508047887875,mGal,0.02,OK,synthetic_demo
ST_0958,725.0,0.0,25.0,0.11293577485986299,mGal,0.02,OK,synthetic_demo
ST_0959,725.0,0.0,50.0,0.12965949812785119,mGal,0.02,OK,synthetic_demo
ST_0960,725.0,0.0,75.0,0.1455886150297318,mGal,0.02,OK,synthetic_demo
ST_0961,725.0,0.0,100.0,0.13878875852865352,mGal,0.02,OK,synthetic_demo
ST_0962,725.0,0.0,125.0,0.15131139215428216,mGal,0.02,OK,synthetic_demo
ST_0963,725.0,0.0,150.0,0.18451576845942577,mGal,0.02,OK,synthetic_demo
ST_0964,725.0,0.0,175.0,0.1993058530512142,mGal,0.02,OK,synthetic_demo
ST_0965,725.0,0.0,200.0,0.22796959422280236,mGal,0.02,OK,synthetic_demo
ST_0966,725.0,0.0,225.0,0.2469379366759173,mGal,0.02,OK,synthetic_demo
ST_0967,725.0,0.0,250.0,0.27934115774767254,mGal,0.02,OK,synthetic_demo
ST_0968,725.0,0.0,275.0,0.2786067000300427,mGal,0.02,OK,synthetic_demo
ST_0969,725.0,0.0,300.0,0.29712458404488057,mGal,0.02,OK,synthetic_demo
ST_0970,725.0,0.0,325.0,0.2639037346104932,mGal,0.02,OK,synthetic_demo
ST_0971,725.0,0.0,350.0,0.2965837420710914,mGal,0.02,OK,synthetic_demo
ST_0972,725.0,0.0,375.0,0.3023590046942942,mGal,0.02,OK,synthetic_demo
ST_0973,725.0,0.0,400.0,0.3034741279388524,mGal,0.02,OK,synthetic_demo
ST_0974,725.0,0.0,425.0,0.28268277492057237,mGal,0.02,OK,synthetic_demo
ST_0975,725.0,0.0,450.0,0.3381738527924349,mGal,0.02,OK,synthetic_demo
ST_0976,725.0,0.0,475.0,0.3220140530703882,mGal,0.02,OK,synthetic_demo
ST_0977,725.0,0.0,500.0,0.2867910060860125,mGal,0.02,OK,synthetic_demo
ST_0978,725.0,0.0,525.0,0.25600298492924733,mGal,0.02,OK,synthetic_demo
ST_0979,725.0,0.0,550.0,0.2697982684263637,mGal,0.02,OK,synthetic_demo
ST_0980,725.0,0.0,575.0,0.23895242669115935,mGal,0.02,OK,synthetic_demo
ST_0981,725.0,0.0,600.0,0.21327302448951888,mGal,0.02,OK,synthetic_demo
ST_0982,725.0,0.0,625.0,0.21112812962643876,mGal,0.02,OK,synthetic_demo
ST_0983,725.0,0.0,650.0,0.1802000347629898,mGal,0.02,OK,synthetic_demo
ST_0984,725.0,0.0,675.0,0.17896430921941806,mGal,0.02,OK,synthetic_demo
ST_0985,725.0,0.0,700.0,0.1366247202644521,mGal,0.02,OK,synthetic_demo
ST_0986,725.0,0.0,725.0,0.15580455882645122,mGal,0.02,OK,synthetic_demo
ST_0987,725.0,0.0,750.0,0.13533570661030006,mGal,0.02,OK,synthetic_demo
ST_0988,725.0,0.0,775.0,0.1069581541317908,mGal,0.02,OK,synthetic_demo
ST_0989,725.0,0.0,800.0,0.11083388436209117,mGal,0.02,OK,synthetic_demo
ST_0990,750.0,0.0,0.0,0.09593214726489832,mGal,0.02,OK,synthetic_demo
ST_0991,750.0,0.0,25.0,0.0893783271895238,mGal,0.02,OK,synthetic_demo
ST_0992,750.0,0.0,50.0,0.10827726076859348,mGal,0.02,OK,synthetic_demo
ST_0993,750.0,0.0,75.0,0.13588120070084514,mGal,0.02,OK,synthetic_demo
ST_0994,750.0,0.0,100.0,0.10496418602037846,mGal,0.02,OK,synthetic_demo
ST_0995,750.0,0.0,125.0,0.18347145404207774,mGal,0.02,OK,synthetic_demo
ST_0996,750.0,0.0,150.0,0.14284909707665627,mGal,0.02,OK,synthetic_demo
ST_0997,750.0,0.0,175.0,0.17680053210144692,mGal,0.02,OK,synthetic_demo
ST_0998,750.0,0.0,200.0,0.1783850812408877,mGal,0.02,OK,synthetic_demo
ST_0999,750.0,0.0,225.0,0.17548777422553416,mGal,0.02,OK,synthetic_demo
ST_1000,750.0,0.0,250.0,0.23684300347415027,mGal,0.02,OK,synthetic_demo
ST_1001,750.0,0.0,275.0,0.24861683230745404,mGal,0.02,OK,synthetic_demo
ST_1002,750.0,0.0,300.0,0.27666495366880967,mGal,0.02,OK,synthetic_demo
ST_1003,750.0,0.0,325.0,0.2550152597813207,mGal,0.02,OK,synthetic_demo
ST_1004,750.0,0.0,350.0,0.27782882967598643,mGal,0.02,OK,synthetic_demo
ST_1005,750.0,0.0,375.0,0.2640283518774287,mGal,0.02,OK,synthetic_demo
ST_1006,750.0,0.0,400.0,0.2688861013124941,mGal,0.02,OK,synthetic_demo
ST_1007,750.0,0.0,425.0,0.25012732924706527,mGal,0.02,OK,synthetic_demo
ST_1008,750.0,0.0,450.0,0.2753534829357308,mGal,0.02,OK,synthetic_demo
ST_1009,750.0,0.0,475.0,0.24717097100302476,mGal,0.02,OK,synthetic_demo
ST_1010,750.0,0.0,500.0,0.21765087499570837,mGal,0.02,OK,synthetic_demo
ST_1011,750.0,0.0,525.0,0.23184772054244304,mGal,0.02,OK,synthetic_demo
ST_1012,750.0,0.0,550.0,0.2148313985073664,mGal,0.02,OK,synthetic_demo
ST_1013,750.0,0.0,575.0,0.19015068884116898,mGal,0.02,OK,synthetic_demo
ST_1014,750.0,0.0,600.0,0.204579216517691,mGal,0.02,OK,synthetic_demo
ST_1015,750.0,0.0,625.0,0.19369384870316997,mGal,0.02,OK,synthetic_demo
ST_1016,750.0,0.0,650.0,0.18010309092959073,mGal,0.02,OK,synthetic_demo
ST_1017,750.0,0.0,675.0,0.15348818900637565,mGal,0.02,OK,synthetic_demo
ST_1018,750.0,0.0,700.0,0.11165403292813436,mGal,0.02,OK,synthetic_demo
ST_1019,750.0,0.0,725.0,0.11781125127580558,mGal,0.02,OK,synthetic_demo
ST_1020,750.0,0.0,750.0,0.1389584765619169,mGal,0.02,WARNING,synthetic_demo
ST_1021,750.0,0.0,775.0,0.09826466334732152,mGal,0.02,OK,synthetic_demo
ST_1022,750.0,0.0,800.0,0.08374941086584442,mGal,0.02,OK,synthetic_demo
ST_1023,775.0,0.0,0.0,0.09819390417763281,mGal,0.02,OK,synthetic_demo
ST_1024,775.0,0.0,25.0,0.09080365713765617,mGal,0.02,OK,synthetic_demo
ST_1025,775.0,0.0,50.0,0.09375569753661799,mGal,0.02,OK,synthetic_demo
ST_1026,775.0,0.0,75.0,0.0915377263146017,mGal,0.02,OK,synthetic_demo
ST_1027,775.0,0.0,100.0,0.08444030415323549,mGal,0.02,OK,synthetic_demo
ST_1028,775.0,0.0,125.0,0.14747456862460007,mGal,0.02,OK,synthetic_demo
ST_1029,775.0,0.0,150.0,0.12481217905775087,mGal,0.02,OK,synthetic_demo
ST_1030,775.0,0.0,175.0,0.15023453277740823,mGal,0.02,OK,synthetic_demo
ST_1031,775.0,0.0,200.0,0.20357919498881352,mGal,0.02,OK,synthetic_demo
ST_1032,775.0,0.0,225.0,0.2033524160648358,mGal,0.02,OK,synthetic_demo
ST_1033,775.0,0.0,250.0,0.1895903823752821,mGal,0.02,OK,synthetic_demo
ST_1034,775.0,0.0,275.0,0.1922835742098558,mGal,0.02,OK,synthetic_demo
ST_1035,775.0,0.0,300.0,0.1889455574065133,mGal,0.02,OK,synthetic_demo
ST_1036,775.0,0.0,325.0,0.24018287323461868,mGal,0.02,OK,synthetic_demo
ST_1037,775.0,0.0,350.0,0.22020860320903776,mGal,0.02,OK,synthetic_demo
ST_1038,775.0,0.0,375.0,0.25471006918945854,mGal,0.02,OK,synthetic_demo
ST_1039,775.0,0.0,400.0,0.23335908954832885,mGal,0.02,OK,synthetic_demo
ST_1040,775.0,0.0,425.0,0.23717239990544678,mGal,0.02,OK,synthetic_demo
ST_1041,775.0,0.0,450.0,0.21294337181977602,mGal,0.02,OK,synthetic_demo
ST_1042,775.0,0.0,475.0,0.21118041126081719,mGal,0.02,OK,synthetic_demo
ST_1043,775.0,0.0,500.0,0.19884945612363683,mGal,0.02,OK,synthetic_demo
ST_1044,775.0,0.0,525.0,0.20951606616214194,mGal,0.02,OK,synthetic_demo
ST_1045,775.0,0.0,550.0,0.18625797490425997,mGal,0.02,OK,synthetic_demo
ST_1046,775.0,0.0,575.0,0.1913267419821204,mGal,0.02,OK,synthetic_demo
ST_1047,775.0,0.0,600.0,0.16527587131690974,mGal,0.02,OK,synthetic_demo
ST_1048,775.0,0.0,625.0,0.15068047139735521,mGal,0.02,OK,synthetic_demo
ST_1049,775.0,0.0,650.0,0.17469344651944804,mGal,0.02,OK,synthetic_demo
ST_1050,775.0,0.0,675.0,0.12795625440347586,mGal,0.02,OK,synthetic_demo
ST_1051,775.0,0.0,700.0,0.11726488316993641,mGal,0.02,OK,synthetic_demo
ST_1052,775.0,0.0,725.0,0.154764406110456,mGal,0.02,OK,synthetic_demo
ST_1053,775.0,0.0,750.0,0.10709265758904538,mGal,0.02,OK,synthetic_demo
ST_1054,775.0,0.0,775.0,0.05935458059514575,mGal,0.02,OK,synthetic_demo
ST_1055,775.0,0.0,800.0,0.08817607120601109,mGal,0.02,OK,synthetic_demo
ST_1056,800.0,0.0,0.0,0.08980323425264532,mGal,0.02,OK,synthetic_demo
ST_1057,800.0,0.0,25.0,0.07287911592276819,mGal,0.02,OK,synthetic_demo
ST_1058,800.0,0.0,50.0,0.12409649328092537,mGal,0.02,OK,synthetic_demo
ST_1059,800.0,0.0,75.0,0.09587389161149225,mGal,0.02,OK,synthetic_demo
ST_1060,800.0,0.0,100.0,0.10336108860250362,mGal,0.02,OK,synthetic_demo
ST_1061,800.0,0.0,125.0,0.1153748022125371,mGal,0.02,OK,synthetic_demo
ST_1062,800.0,0.0,150.0,0.14703610408170914,mGal,0.02,OK,synthetic_demo
ST_1063,800.0,0.0,175.0,0.11292148759316019,mGal,0.02,OK,synthetic_demo
ST_1064,800.0,0.0,200.0,0.15555460858947404,mGal,0.02,OK,synthetic_demo
ST_1065,800.0,0.0,225.0,0.1491007532936947,mGal,0.02,OK,synthetic_demo
ST_1066,800.0,0.0,250.0,0.17290570067343983,mGal,0.02,OK,synthetic_demo
ST_1067,800.0,0.0,275.0,0.1805326638257373,mGal,0.02,OK,synthetic_demo
ST_1068,800.0,0.0,300.0,0.20891819034562895,mGal,0.02,OK,synthetic_demo
ST_1069,800.0,0.0,325.0,0.19079842743968145,mGal,0.02,OK,synthetic_demo
ST_1070,800.0,0.0,350.0,0.18417495294054653,mGal,0.02,OK,synthetic_demo
ST_1071,800.0,0.0,375.0,0.21659962618112708,mGal,0.02,OK,synthetic_demo
ST_1072,800.0,0.0,400.0,0.1880154573462007,mGal,0.02,OK,synthetic_demo
ST_1073,800.0,0.0,425.0,0.2071133238918481,mGal,0.02,OK,synthetic_demo
ST_1074,800.0,0.0,450.0,0.19118118735998507,mGal,0.02,OK,synthetic_demo
ST_1075,800.0,0.0,475.0,0.15295639252338572,mGal,0.02,OK,synthetic_demo
ST_1076,800.0,0.0,500.0,0.1855261040852965,mGal,0.02,OK,synthetic_demo
ST_1077,800.0,0.0,525.0,0.2232987967297789,mGal,0.02,OK,synthetic_demo
ST_1078,800.0,0.0,550.0,0.15759948582849503,mGal,0.02,OK,synthetic_demo
ST_1079,800.0,0.0,575.0,0.12787017653514812,mGal,0.02,OK,synthetic_demo
ST_1080,800.0,0.0,600.0,0.11390575868858799,mGal,0.02,OK,synthetic_demo
ST_1081,800.0,0.0,625.0,0.1400816598452118,mGal,0.02,OK,synthetic_demo
ST_1082,800.0,0.0,650.0,0.16586777772792355,mGal,0.02,OK,synthetic_demo
ST_1083,800.0,0.0,675.0,0.11810704563072023,mGal,0.02,OK,synthetic_demo
ST_1084,800.0,0.0,700.0,0.1199503671258512,mGal,0.02,OK,synthetic_demo
ST_1085,800.0,0.0,725.0,0.06295192837106837,mGal,0.02,OK,synthetic_demo
ST_1086,800.0,0.0,750.0,0.11360606040680007,mGal,0.02,OK,synthetic_demo
ST_1087,800.0,0.0,775.0,0.07608494974460298,mGal,0.02,OK,synthetic_demo
ST_1088,800.0,0.0,800.0,0.07310088405627199,mGal,0.02,OK,synthetic_demo
