X,Y,Z,TMI_nT,Error_Est
83.80000,25.40000,60308.00000,nan,nan
83.80000,25.40000,1.00000,nan,nan
557000.00000,7133300.00000,445.25950,-0.25653,1.00000
557020.00000,7133300.00000,445.25950,-1.04478,1.00000
557040.00000,7133300.00000,443.88200,-0.08379,1.00000
557060.00000,7133300.00000,442.75490,-0.59077,1.00000
557080.00000,7133300.00000,442.09970,0.30605,1.00000
557100.00000,7133300.00000,441.85860,0.04138,1.00000
557120.00000,7133300.00000,441.85860,-0.64764,1.00000
557140.00000,7133300.00000,441.85470,1.04290,1.00000
557160.00000,7133300.00000,441.92090,1.29134,1.00000
557180.00000,7133300.00000,441.98240,3.31178,1.00000
557200.00000,7133300.00000,441.98240,3.45452,1.00000
557220.00000,7133300.00000,442.00870,3.44813,1.00000
557240.00000,7133300.00000,442.03190,3.35812,1.00000
557260.00000,7133300.00000,442.05120,2.74485,1.00000
557280.00000,7133300.00000,442.05120,2.15329,1.00000
557300.00000,7133300.00000,442.03890,1.65862,1.00000
557320.00000,7133300.00000,441.92810,1.23913,1.00000
557340.00000,7133300.00000,441.70830,-1.09178,1.00000
557360.00000,7133300.00000,441.70830,-0.15045,1.00000
557380.00000,7133300.00000,441.46720,-0.91177,1.00000
557400.00000,7133300.00000,441.38940,-2.15409,1.00000
557420.00000,7133300.00000,441.60400,-2.04325,1.00000
557440.00000,7133300.00000,441.60400,-3.53769,1.00000
557460.00000,7133300.00000,442.11080,-2.08667,1.00000
557480.00000,7133300.00000,442.81630,-1.83739,1.00000
557500.00000,7133300.00000,443.59500,-5.58210,1.00000
557520.00000,7133300.00000,443.59500,-2.19227,1.00000
557540.00000,7133300.00000,444.32650,-2.80172,1.00000
557560.00000,7133300.00000,444.97110,-3.71388,1.00000
557580.00000,7133300.00000,445.52610,-4.13726,1.00000
557600.00000,7133300.00000,445.52610,-3.50963,1.00000
557000.00000,7133320.00000,444.83470,-1.91369,1.00000
557020.00000,7133320.00000,444.83470,1.14534,1.00000
557040.00000,7133320.00000,443.55140,-0.81033,1.00000
557060.00000,7133320.00000,442.55040,0.30416,1.00000
557080.00000,7133320.00000,442.00130,3.12835,1.00000
557100.00000,7133320.00000,441.81560,4.00800,1.00000
557120.00000,7133320.00000,441.81560,2.86215,1.00000
557140.00000,7133320.00000,441.84500,6.35835,1.00000
557160.00000,7133320.00000,441.92240,4.25168,1.00000
557180.00000,7133320.00000,441.98360,4.76581,1.00000
557200.00000,7133320.00000,441.98360,5.59936,1.00000
557220.00000,7133320.00000,442.00470,5.50695,1.00000
557240.00000,7133320.00000,442.01280,8.06811,1.00000
557260.00000,7133320.00000,442.02550,4.76770,1.00000
557280.00000,7133320.00000,442.02550,3.26319,1.00000
557300.00000,7133320.00000,442.02690,4.16287,1.00000
557320.00000,7133320.00000,441.98190,4.16004,1.00000
557340.00000,7133320.00000,441.86370,1.22006,1.00000
557360.00000,7133320.00000,441.86370,0.99980,1.00000
557380.00000,7133320.00000,441.70550,-0.38773,1.00000
557400.00000,7133320.00000,441.65090,-1.80937,1.00000
557420.00000,7133320.00000,441.83920,-2.72998,1.00000
557440.00000,7133320.00000,441.83920,-3.05511,1.00000
557460.00000,7133320.00000,442.33310,-3.85944,1.00000
557480.00000,7133320.00000,443.05600,-3.95707,1.00000
557500.00000,7133320.00000,443.86610,-2.56107,1.00000
557520.00000,7133320.00000,443.86610,-3.95215,1.00000
557540.00000,7133320.00000,444.65260,-3.20074,1.00000
557560.00000,7133320.00000,445.33810,-1.98015,1.00000
557580.00000,7133320.00000,445.93440,-2.77417,1.00000
557600.00000,7133320.00000,445.93440,-2.54585,1.00000
557000.00000,7133340.00000,444.52830,-1.37413,1.00000
557020.00000,7133340.00000,444.52830,-0.73654,1.00000
557040.00000,7133340.00000,443.30190,1.59858,1.00000
557060.00000,7133340.00000,442.40460,1.55391,1.00000
557080.00000,7133340.00000,441.92190,3.54075,1.00000
557100.00000,7133340.00000,441.79980,4.10407,1.00000
557120.00000,7133340.00000,441.79980,4.83605,1.00000
557140.00000,7133340.00000,441.86120,6.43663,1.00000
557160.00000,7133340.00000,441.94130,8.43478,1.00000
557180.00000,7133340.00000,441.99210,8.97556,1.00000
557200.00000,7133340.00000,441.99210,9.50004,1.00000
557220.00000,7133340.00000,442.00540,9.31751,1.00000
557240.00000,7133340.00000,442.00590,10.03822,1.00000
557260.00000,7133340.00000,442.00940,7.63539,1.00000
557280.00000,7133340.00000,442.00940,8.41989,1.00000
557300.00000,7133340.00000,442.01220,5.74518,1.00000
557320.00000,7133340.00000,441.98970,5.55296,1.00000
557340.00000,7133340.00000,441.93140,2.35228,1.00000
557360.00000,7133340.00000,441.93140,1.54493,1.00000
557380.00000,7133340.00000,441.86120,-0.46876,1.00000
557400.00000,7133340.00000,441.86780,-0.03763,1.00000
557420.00000,7133340.00000,442.07130,-0.09817,1.00000
557440.00000,7133340.00000,442.07130,-2.21553,1.00000
557460.00000,7133340.00000,442.54400,-1.55505,1.00000
557480.00000,7133340.00000,443.25510,-3.58341,1.00000
557500.00000,7133340.00000,444.09220,-2.66318,1.00000
557520.00000,7133340.00000,444.09220,-2.27155,1.00000
557540.00000,7133340.00000,444.93450,-3.62968,1.00000
557560.00000,7133340.00000,445.68460,-1.54403,1.00000
557580.00000,7133340.00000,446.33380,-5.00079,1.00000
557600.00000,7133340.00000,446.33380,-3.63445,1.00000
557000.00000,7133360.00000,444.37800,-0.62460,1.00000
557020.00000,7133360.00000,444.37800,0.20155,1.00000
557040.00000,7133360.00000,443.14820,0.72617,1.00000
557060.00000,7133360.00000,442.28150,0.72860,1.00000
557080.00000,7133360.00000,441.86950,4.27215,1.00000
557100.00000,7133360.00000,441.78550,5.14493,1.00000
557120.00000,7133360.00000,441.78550,6.52443,1.00000
557140.00000,7133360.00000,441.86630,9.27449,1.00000
557160.00000,7133360.00000,441.95760,11.65055,1.00000
557180.00000,7133360.00000,441.99820,14.98330,1.00000
557200.00000,7133360.00000,441.99820,15.53126,1.00000
557220.00000,7133360.00000,442.00900,17.51972,1.00000
557240.00000,7133360.00000,442.00590,16.42453,1.00000
557260.00000,7133360.00000,442.00830,17.38078,1.00000
557280.00000,7133360.00000,442.00830,14.61437,1.00000
557300.00000,7133360.00000,442.00640,10.38159,1.00000
557320.00000,7133360.00000,441.98800,9.44767,1.00000
557340.00000,7133360.00000,441.94600,5.97107,1.00000
557360.00000,7133360.00000,441.94600,3.37653,1.00000
557380.00000,7133360.00000,441.91700,1.65005,1.00000
557400.00000,7133360.00000,441.98400,-0.40558,1.00000
557420.00000,7133360.00000,442.23040,0.07230,1.00000
557440.00000,7133360.00000,442.23040,-1.98840,1.00000
557460.00000,7133360.00000,442.71160,-2.86118,1.00000
557480.00000,7133360.00000,443.41720,-1.15848,1.00000
557500.00000,7133360.00000,444.27270,-0.91563,1.00000
557520.00000,7133360.00000,444.27270,-3.95479,1.00000
557540.00000,7133360.00000,445.16790,-4.00766,1.00000
557560.00000,7133360.00000,445.99880,-3.86315,1.00000
557580.00000,7133360.00000,446.71700,-3.11799,1.00000
557600.00000,7133360.00000,446.71700,-3.05798,1.00000
557000.00000,7133380.00000,444.37800,-0.54797,1.00000
557020.00000,7133380.00000,444.37800,3.16878,1.00000
557040.00000,7133380.00000,443.14820,2.73572,1.00000
557060.00000,7133380.00000,442.28150,3.85426,1.00000
557080.00000,7133380.00000,441.86950,6.01936,1.00000
557100.00000,7133380.00000,441.78550,5.99113,1.00000
557120.00000,7133380.00000,441.78550,12.87368,1.00000
557140.00000,7133380.00000,441.86630,16.23760,1.00000
557160.00000,7133380.00000,441.95760,16.44552,1.00000
557180.00000,7133380.00000,441.99820,21.87314,1.00000
557200.00000,7133380.00000,441.99820,23.40277,1.00000
557220.00000,7133380.00000,442.00900,23.71820,1.00000
557240.00000,7133380.00000,442.00590,25.10910,1.00000
557260.00000,7133380.00000,442.00830,23.57428,1.00000
557280.00000,7133380.00000,442.00830,20.36559,1.00000
557300.00000,7133380.00000,442.00640,19.50674,1.00000
557320.00000,7133380.00000,441.98800,14.00757,1.00000
557340.00000,7133380.00000,441.94600,11.16180,1.00000
557360.00000,7133380.00000,441.94600,7.71945,1.00000
557380.00000,7133380.00000,441.91700,3.38251,1.00000
557400.00000,7133380.00000,441.98400,1.25739,1.00000
557420.00000,7133380.00000,442.23040,0.77871,1.00000
557440.00000,7133380.00000,442.23040,-0.53085,1.00000
557460.00000,7133380.00000,442.71160,-0.50207,1.00000
557480.00000,7133380.00000,443.41720,-2.79708,1.00000
557500.00000,7133380.00000,444.27270,-2.75577,1.00000
557520.00000,7133380.00000,444.27270,-1.42373,1.00000
557540.00000,7133380.00000,445.16790,-3.28429,1.00000
557560.00000,7133380.00000,445.99880,-3.75816,1.00000
557580.00000,7133380.00000,446.71700,-3.75868,1.00000
557600.00000,7133380.00000,446.71700,-3.28585,1.00000
557000.00000,7133400.00000,444.42140,-0.39621,1.00000
557020.00000,7133400.00000,444.42140,1.29394,1.00000
557040.00000,7133400.00000,443.12480,2.67402,1.00000
557060.00000,7133400.00000,442.26220,3.70649,1.00000
557080.00000,7133400.00000,441.85130,5.26094,1.00000
557100.00000,7133400.00000,441.78520,11.90864,1.00000
557120.00000,7133400.00000,441.78520,15.03109,1.00000
557140.00000,7133400.00000,441.87450,19.51067,1.00000
557160.00000,7133400.00000,441.96110,26.90396,1.00000
557180.00000,7133400.00000,442.00610,28.73516,1.00000
557200.00000,7133400.00000,442.00610,34.41666,1.00000
557220.00000,7133400.00000,442.01100,33.36767,1.00000
557240.00000,7133400.00000,442.00730,35.71328,1.00000
557260.00000,7133400.00000,442.00920,34.48468,1.00000
557280.00000,7133400.00000,442.00920,31.93614,1.00000
557300.00000,7133400.00000,442.00900,26.82407,1.00000
557320.00000,7133400.00000,441.98590,21.69762,1.00000
557340.00000,7133400.00000,441.93620,15.90919,1.00000
557360.00000,7133400.00000,441.93620,9.73274,1.00000
557380.00000,7133400.00000,441.91440,5.53363,1.00000
557400.00000,7133400.00000,442.00610,3.40703,1.00000
557420.00000,7133400.00000,442.29500,1.96086,1.00000
557440.00000,7133400.00000,442.29500,0.58037,1.00000
557460.00000,7133400.00000,442.81450,-0.72508,1.00000
557480.00000,7133400.00000,443.54450,-0.89962,1.00000
557500.00000,7133400.00000,444.41870,-3.49462,1.00000
557520.00000,7133400.00000,444.41870,-2.84220,1.00000
557540.00000,7133400.00000,445.35650,-3.71251,1.00000
557560.00000,7133400.00000,446.26340,-3.45031,1.00000
557580.00000,7133400.00000,447.06730,-4.06640,1.00000
557600.00000,7133400.00000,447.06730,-3.35644,1.00000
557000.00000,7133420.00000,444.64780,0.30801,1.00000
557020.00000,7133420.00000,444.64780,2.35421,1.00000
557040.00000,7133420.00000,443.22580,2.73713,1.00000
557060.00000,7133420.00000,442.30550,5.24338,1.00000
557080.00000,7133420.00000,441.86120,9.32012,1.00000
557100.00000,7133420.00000,441.79770,15.33424,1.00000
557120.00000,7133420.00000,441.79770,21.44886,1.00000
557140.00000,7133420.00000,441.88630,28.58619,1.00000
557160.00000,7133420.00000,441.97050,33.39784,1.00000
557180.00000,7133420.00000,442.01180,37.80895,1.00000
557200.00000,7133420.00000,442.01180,42.06526,1.00000
557220.00000,7133420.00000,442.01260,45.35481,1.00000
557240.00000,7133420.00000,442.00460,48.72728,1.00000
557260.00000,7133420.00000,442.00740,46.01985,1.00000
557280.00000,7133420.00000,442.00740,42.57190,1.00000
557300.00000,7133420.00000,442.00990,37.24460,1.00000
557320.00000,7133420.00000,441.98740,28.85319,1.00000
557340.00000,7133420.00000,441.93160,23.25816,1.00000
557360.00000,7133420.00000,441.93160,14.62920,1.00000
557380.00000,7133420.00000,441.89310,11.63424,1.00000
557400.00000,7133420.00000,441.97310,6.62210,1.00000
557420.00000,7133420.00000,442.28540,4.19093,1.00000
557440.00000,7133420.00000,442.28540,1.40941,1.00000
557460.00000,7133420.00000,442.85530,0.85862,1.00000
557480.00000,7133420.00000,443.64350,-0.70407,1.00000
557500.00000,7133420.00000,444.56120,-0.26489,1.00000
557520.00000,7133420.00000,444.56120,-2.03455,1.00000
557540.00000,7133420.00000,445.53940,-2.35991,1.00000
557560.00000,7133420.00000,446.50840,-3.18398,1.00000
557580.00000,7133420.00000,447.38590,-2.89634,1.00000
557600.00000,7133420.00000,447.38590,-4.42256,1.00000
557000.00000,7133440.00000,445.00790,2.91457,1.00000
557020.00000,7133440.00000,445.00790,3.59898,1.00000
557040.00000,7133440.00000,443.41660,6.13439,1.00000
557060.00000,7133440.00000,442.39210,6.95132,1.00000
557080.00000,7133440.00000,441.90230,11.26518,1.00000
557100.00000,7133440.00000,441.80960,17.52800,1.00000
557120.00000,7133440.00000,441.80960,25.13798,1.00000
557140.00000,7133440.00000,441.89580,33.70773,1.00000
557160.00000,7133440.00000,441.97650,40.29398,1.00000
557180.00000,7133440.00000,442.01400,47.30266,1.00000
557200.00000,7133440.00000,442.01400,48.65905,1.00000
557220.00000,7133440.00000,442.01160,51.74582,1.00000
557240.00000,7133440.00000,442.00390,54.23183,1.00000
557260.00000,7133440.00000,442.00590,54.06581,1.00000
557280.00000,7133440.00000,442.00590,50.06602,1.00000
557300.00000,7133440.00000,442.00880,47.02951,1.00000
557320.00000,7133440.00000,441.98820,38.39552,1.00000
557340.00000,7133440.00000,441.92960,31.36305,1.00000
557360.00000,7133440.00000,441.92960,22.31967,1.00000
557380.00000,7133440.00000,441.87930,16.65255,1.00000
557400.00000,7133440.00000,441.93390,11.59981,1.00000
557420.00000,7133440.00000,442.23700,6.21327,1.00000
557440.00000,7133440.00000,442.23700,4.52869,1.00000
557460.00000,7133440.00000,442.85790,1.44528,1.00000
557480.00000,7133440.00000,443.72210,2.32529,1.00000
557500.00000,7133440.00000,444.71990,-1.42990,1.00000
557520.00000,7133440.00000,444.71990,-1.99766,1.00000
557540.00000,7133440.00000,445.75800,-1.25405,1.00000
557560.00000,7133440.00000,446.77210,-3.43736,1.00000
557580.00000,7133440.00000,447.70280,-4.53045,1.00000
557600.00000,7133440.00000,447.70280,-4.86121,1.00000
557000.00000,7133460.00000,445.42740,1.46230,1.00000
557020.00000,7133460.00000,445.42740,1.01332,1.00000
557040.00000,7133460.00000,443.63960,3.54550,1.00000
557060.00000,7133460.00000,442.49520,7.72062,1.00000
557080.00000,7133460.00000,441.94070,12.95881,1.00000
557100.00000,7133460.00000,441.81730,18.32420,1.00000
557120.00000,7133460.00000,441.81730,26.85206,1.00000
557140.00000,7133460.00000,441.89770,36.13321,1.00000
557160.00000,7133460.00000,441.98120,44.06928,1.00000
557180.00000,7133460.00000,442.01270,51.51115,1.00000
557200.00000,7133460.00000,442.01270,54.47597,1.00000
557220.00000,7133460.00000,442.01270,58.77631,1.00000
557240.00000,7133460.00000,442.00390,60.35856,1.00000
557260.00000,7133460.00000,442.00340,60.46894,1.00000
557280.00000,7133460.00000,442.00340,59.90904,1.00000
557300.00000,7133460.00000,442.00830,54.66739,1.00000
557320.00000,7133460.00000,441.99130,47.46858,1.00000
557340.00000,7133460.00000,441.93790,37.33047,1.00000
557360.00000,7133460.00000,441.93790,29.66144,1.00000
557380.00000,7133460.00000,441.86960,18.99554,1.00000
557400.00000,7133460.00000,441.90120,15.75969,1.00000
557420.00000,7133460.00000,442.18730,11.51349,1.00000
557440.00000,7133460.00000,442.18730,6.50124,1.00000
557460.00000,7133460.00000,442.84010,4.20114,1.00000
557480.00000,7133460.00000,443.78010,3.79512,1.00000
557500.00000,7133460.00000,444.88050,2.47749,1.00000
557520.00000,7133460.00000,444.88050,1.23823,1.00000
557540.00000,7133460.00000,446.00120,-1.71685,1.00000
557560.00000,7133460.00000,447.07370,-2.68391,1.00000
557580.00000,7133460.00000,448.05250,-2.02391,1.00000
557600.00000,7133460.00000,448.05250,-3.59274,1.00000
557000.00000,7133480.00000,445.42740,0.68822,1.00000
557020.00000,7133480.00000,445.42740,1.85440,1.00000
557040.00000,7133480.00000,443.63960,3.76357,1.00000
557060.00000,7133480.00000,442.49520,8.28140,1.00000
557080.00000,7133480.00000,441.94070,12.08541,1.00000
557100.00000,7133480.00000,441.81730,19.71076,1.00000
557120.00000,7133480.00000,441.81730,30.01230,1.00000
557140.00000,7133480.00000,441.89770,38.41331,1.00000
557160.00000,7133480.00000,441.98120,48.24815,1.00000
557180.00000,7133480.00000,442.01270,54.49606,1.00000
557200.00000,7133480.00000,442.01270,58.01486,1.00000
557220.00000,7133480.00000,442.01270,60.61655,1.00000
557240.00000,7133480.00000,442.00390,64.64204,1.00000
557260.00000,7133480.00000,442.00340,62.43942,1.00000
557280.00000,7133480.00000,442.00340,64.96090,1.00000
557300.00000,7133480.00000,442.00830,59.61747,1.00000
557320.00000,7133480.00000,441.99130,54.56406,1.00000
557340.00000,7133480.00000,441.93790,46.25578,1.00000
557360.00000,7133480.00000,441.93790,35.69063,1.00000
557380.00000,7133480.00000,441.86960,25.96942,1.00000
557400.00000,7133480.00000,441.90120,20.51845,1.00000
557420.00000,7133480.00000,442.18730,16.15547,1.00000
557440.00000,7133480.00000,442.18730,12.98014,1.00000
557460.00000,7133480.00000,442.84010,9.31500,1.00000
557480.00000,7133480.00000,443.78010,7.03339,1.00000
557500.00000,7133480.00000,444.88050,6.07593,1.00000
557520.00000,7133480.00000,444.88050,2.60134,1.00000
557540.00000,7133480.00000,446.00120,-1.51527,1.00000
557560.00000,7133480.00000,447.07370,-2.92702,1.00000
557580.00000,7133480.00000,448.05250,-4.03462,1.00000
557600.00000,7133480.00000,448.05250,-4.04860,1.00000
557000.00000,7133500.00000,445.78390,1.35981,1.00000
557020.00000,7133500.00000,445.78390,2.03792,1.00000
557040.00000,7133500.00000,443.85640,2.32906,1.00000
557060.00000,7133500.00000,442.60250,9.07241,1.00000
557080.00000,7133500.00000,441.96420,13.07200,1.00000
557100.00000,7133500.00000,441.80730,19.12732,1.00000
557120.00000,7133500.00000,441.80730,29.36785,1.00000
557140.00000,7133500.00000,441.87720,39.70451,1.00000
557160.00000,7133500.00000,441.96870,47.43900,1.00000
557180.00000,7133500.00000,442.01220,53.07488,1.00000
557200.00000,7133500.00000,442.01220,58.99013,1.00000
557220.00000,7133500.00000,442.01150,63.36319,1.00000
557240.00000,7133500.00000,442.00330,66.93650,1.00000
557260.00000,7133500.00000,442.00400,66.06998,1.00000
557280.00000,7133500.00000,442.00400,64.64126,1.00000
557300.00000,7133500.00000,442.00940,63.55261,1.00000
557320.00000,7133500.00000,441.99540,58.59749,1.00000
557340.00000,7133500.00000,441.94320,49.82327,1.00000
557360.00000,7133500.00000,441.94320,39.77121,1.00000
557380.00000,7133500.00000,441.87210,34.15301,1.00000
557400.00000,7133500.00000,441.87720,28.81390,1.00000
557420.00000,7133500.00000,442.15010,23.15120,1.00000
557440.00000,7133500.00000,442.15010,20.74351,1.00000
557460.00000,7133500.00000,442.79720,16.20682,1.00000
557480.00000,7133500.00000,443.80380,11.96712,1.00000
557500.00000,7133500.00000,445.01430,10.89624,1.00000
557520.00000,7133500.00000,445.01430,3.92028,1.00000
557540.00000,7133500.00000,446.24350,3.47391,1.00000
557560.00000,7133500.00000,447.38970,0.65208,1.00000
557580.00000,7133500.00000,448.42220,-1.23597,1.00000
557600.00000,7133500.00000,448.42220,-3.01472,1.00000
557000.00000,7133520.00000,445.97810,0.92141,1.00000
557020.00000,7133520.00000,445.97810,2.94845,1.00000
557040.00000,7133520.00000,444.00450,3.52412,1.00000
557060.00000,7133520.00000,442.68250,8.48702,1.00000
557080.00000,7133520.00000,441.98860,11.63859,1.00000
557100.00000,7133520.00000,441.79380,18.67602,1.00000
557120.00000,7133520.00000,441.79380,27.31694,1.00000
557140.00000,7133520.00000,441.85480,37.07219,1.00000
557160.00000,7133520.00000,441.94870,45.33344,1.00000
557180.00000,7133520.00000,442.00590,55.25010,1.00000
557200.00000,7133520.00000,442.00590,59.73211,1.00000
557220.00000,7133520.00000,442.01130,66.30343,1.00000
557240.00000,7133520.00000,442.00280,66.60893,1.00000
557260.00000,7133520.00000,442.00550,67.90454,1.00000
557280.00000,7133520.00000,442.00550,67.24781,1.00000
557300.00000,7133520.00000,442.01100,64.90374,1.00000
557320.00000,7133520.00000,441.99670,62.88285,1.00000
557340.00000,7133520.00000,441.94230,55.22776,1.00000
557360.00000,7133520.00000,441.94230,50.22049,1.00000
557380.00000,7133520.00000,441.86880,44.27252,1.00000
557400.00000,7133520.00000,441.85490,39.96478,1.00000
557420.00000,7133520.00000,442.10130,36.71186,1.00000
557440.00000,7133520.00000,442.10130,34.84095,1.00000
557460.00000,7133520.00000,442.73890,26.68757,1.00000
557480.00000,7133520.00000,443.78480,22.73893,1.00000
557500.00000,7133520.00000,445.08500,16.61557,1.00000
557520.00000,7133520.00000,445.08500,11.13735,1.00000
557540.00000,7133520.00000,446.42660,5.31644,1.00000
557560.00000,7133520.00000,447.68040,3.10237,1.00000
557580.00000,7133520.00000,448.78680,2.03877,1.00000
557600.00000,7133520.00000,448.78680,-2.76487,1.00000
557000.00000,7133540.00000,446.00160,-1.59053,1.00000
557020.00000,7133540.00000,446.00160,1.26651,1.00000
557040.00000,7133540.00000,444.08670,3.61478,1.00000
557060.00000,7133540.00000,442.73650,5.47067,1.00000
557080.00000,7133540.00000,442.01240,12.78310,1.00000
557100.00000,7133540.00000,441.79130,16.14106,1.00000
557120.00000,7133540.00000,441.79130,24.40998,1.00000
557140.00000,7133540.00000,441.84000,34.37009,1.00000
557160.00000,7133540.00000,441.93690,43.49317,1.00000
557180.00000,7133540.00000,441.99560,52.24925,1.00000
557200.00000,7133540.00000,441.99560,57.42779,1.00000
557220.00000,7133540.00000,442.00890,62.03486,1.00000
557240.00000,7133540.00000,442.00450,67.52407,1.00000
557260.00000,7133540.00000,442.00500,66.33536,1.00000
557280.00000,7133540.00000,442.00500,70.03163,1.00000
557300.00000,7133540.00000,442.01160,67.71830,1.00000
557320.00000,7133540.00000,442.00320,69.36018,1.00000
557340.00000,7133540.00000,441.94940,64.19745,1.00000
557360.00000,7133540.00000,441.94940,59.50692,1.00000
557380.00000,7133540.00000,441.86650,56.74372,1.00000
557400.00000,7133540.00000,441.84500,55.95887,1.00000
557420.00000,7133540.00000,442.06110,52.56375,1.00000
557440.00000,7133540.00000,442.06110,52.34570,1.00000
557460.00000,7133540.00000,442.67830,46.04936,1.00000
557480.00000,7133540.00000,443.74550,37.86613,1.00000
557500.00000,7133540.00000,445.10430,26.34538,1.00000
557520.00000,7133540.00000,445.10430,17.77476,1.00000
557540.00000,7133540.00000,446.55370,8.53697,1.00000
557560.00000,7133540.00000,447.91620,4.18568,1.00000
557580.00000,7133540.00000,449.12480,-0.35618,1.00000
557600.00000,7133540.00000,449.12480,-2.30206,1.00000
557000.00000,7133560.00000,445.91440,0.21171,1.00000
557020.00000,7133560.00000,445.91440,0.71637,1.00000
557040.00000,7133560.00000,444.09960,3.18172,1.00000
557060.00000,7133560.00000,442.79620,5.50869,1.00000
557080.00000,7133560.00000,442.05940,7.81347,1.00000
557100.00000,7133560.00000,441.80660,13.71872,1.00000
557120.00000,7133560.00000,441.80660,20.73713,1.00000
557140.00000,7133560.00000,441.83990,29.82679,1.00000
557160.00000,7133560.00000,441.93500,40.26852,1.00000
557180.00000,7133560.00000,441.99200,48.88451,1.00000
557200.00000,7133560.00000,441.99200,54.88976,1.00000
557220.00000,7133560.00000,442.00750,63.71207,1.00000
557240.00000,7133560.00000,442.00520,64.89023,1.00000
557260.00000,7133560.00000,442.00610,67.36904,1.00000
557280.00000,7133560.00000,442.00610,72.11619,1.00000
557300.00000,7133560.00000,442.01200,72.01570,1.00000
557320.00000,7133560.00000,441.99980,71.38729,1.00000
557340.00000,7133560.00000,441.94850,71.03572,1.00000
557360.00000,7133560.00000,441.94850,68.73008,1.00000
557380.00000,7133560.00000,441.86960,71.20818,1.00000
557400.00000,7133560.00000,441.83730,70.83522,1.00000
557420.00000,7133560.00000,442.03680,72.23047,1.00000
557440.00000,7133560.00000,442.03680,75.12718,1.00000
557460.00000,7133560.00000,442.64760,70.74679,1.00000
557480.00000,7133560.00000,443.70600,57.26977,1.00000
557500.00000,7133560.00000,445.09120,42.83165,1.00000
557520.00000,7133560.00000,445.09120,27.26667,1.00000
557540.00000,7133560.00000,446.61300,18.32323,1.00000
557560.00000,7133560.00000,448.08970,9.74278,1.00000
557580.00000,7133560.00000,449.42190,3.55601,1.00000
557600.00000,7133560.00000,449.42190,-0.62213,1.00000
557000.00000,7133580.00000,445.91440,0.27560,1.00000
557020.00000,7133580.00000,445.91440,1.45583,1.00000
557040.00000,7133580.00000,444.09960,3.20393,1.00000
557060.00000,7133580.00000,442.79620,3.15277,1.00000
557080.00000,7133580.00000,442.05940,6.34990,1.00000
557100.00000,7133580.00000,441.80660,13.82412,1.00000
557120.00000,7133580.00000,441.80660,17.60252,1.00000
557140.00000,7133580.00000,441.83990,26.53199,1.00000
557160.00000,7133580.00000,441.93500,36.85218,1.00000
557180.00000,7133580.00000,441.99200,44.63865,1.00000
557200.00000,7133580.00000,441.99200,53.55833,1.00000
557220.00000,7133580.00000,442.00750,58.02884,1.00000
557240.00000,7133580.00000,442.00520,64.40521,1.00000
557260.00000,7133580.00000,442.00610,67.12420,1.00000
557280.00000,7133580.00000,442.00610,71.64397,1.00000
557300.00000,7133580.00000,442.01200,75.07845,1.00000
557320.00000,7133580.00000,441.99980,76.47347,1.00000
557340.00000,7133580.00000,441.94850,79.56092,1.00000
557360.00000,7133580.00000,441.94850,78.78419,1.00000
557380.00000,7133580.00000,441.86960,80.63880,1.00000
557400.00000,7133580.00000,441.83730,83.92065,1.00000
557420.00000,7133580.00000,442.03680,90.45480,1.00000
557440.00000,7133580.00000,442.03680,96.32471,1.00000
557460.00000,7133580.00000,442.64760,92.45192,1.00000
557480.00000,7133580.00000,443.70600,79.15274,1.00000
557500.00000,7133580.00000,445.09120,58.13370,1.00000
557520.00000,7133580.00000,445.09120,43.06671,1.00000
557540.00000,7133580.00000,446.61300,25.21404,1.00000
557560.00000,7133580.00000,448.08970,12.85105,1.00000
557580.00000,7133580.00000,449.42190,5.38082,1.00000
557600.00000,7133580.00000,449.42190,0.03057,1.00000
557000.00000,7133600.00000,445.80190,-1.24454,1.00000
557020.00000,7133600.00000,445.80190,-0.16908,1.00000
557040.00000,7133600.00000,444.09730,1.77235,1.00000
557060.00000,7133600.00000,442.83800,1.96567,1.00000
557080.00000,7133600.00000,442.09280,5.10877,1.00000
557100.00000,7133600.00000,441.82410,10.74965,1.00000
557120.00000,7133600.00000,441.82410,16.05120,1.00000
557140.00000,7133600.00000,441.83800,24.67349,1.00000
557160.00000,7133600.00000,441.93510,31.15056,1.00000
557180.00000,7133600.00000,441.99320,39.31507,1.00000
557200.00000,7133600.00000,441.99320,48.59911,1.00000
557220.00000,7133600.00000,442.00750,54.89090,1.00000
557240.00000,7133600.00000,442.00430,60.66031,1.00000
557260.00000,7133600.00000,442.00490,65.99988,1.00000
557280.00000,7133600.00000,442.00490,70.70475,1.00000
557300.00000,7133600.00000,442.01360,76.93317,1.00000
557320.00000,7133600.00000,442.00590,81.28530,1.00000
557340.00000,7133600.00000,441.94680,82.81144,1.00000
557360.00000,7133600.00000,441.94680,84.86247,1.00000
557380.00000,7133600.00000,441.86210,89.96514,1.00000
557400.00000,7133600.00000,441.82920,95.57846,1.00000
557420.00000,7133600.00000,442.02640,101.84050,1.00000
557440.00000,7133600.00000,442.02640,111.74820,1.00000
557460.00000,7133600.00000,442.63560,104.45870,1.00000
557480.00000,7133600.00000,443.68170,90.57234,1.00000
557500.00000,7133600.00000,445.09310,70.66128,1.00000
557520.00000,7133600.00000,445.09310,51.10882,1.00000
557540.00000,7133600.00000,446.66130,34.42575,1.00000
557560.00000,7133600.00000,448.21710,18.12031,1.00000
557580.00000,7133600.00000,449.67100,6.69713,1.00000
557600.00000,7133600.00000,449.67100,1.74679,1.00000
557000.00000,7133620.00000,445.72350,-1.57783,1.00000
557020.00000,7133620.00000,445.72350,-0.27707,1.00000
557040.00000,7133620.00000,444.11630,-0.74662,1.00000
557060.00000,7133620.00000,442.89480,2.04754,1.00000
557080.00000,7133620.00000,442.14010,3.52575,1.00000
557100.00000,7133620.00000,441.84040,5.26454,1.00000
557120.00000,7133620.00000,441.84040,11.70932,1.00000
557140.00000,7133620.00000,441.83800,17.23266,1.00000
557160.00000,7133620.00000,441.93770,25.31585,1.00000
557180.00000,7133620.00000,441.99530,32.91943,1.00000
557200.00000,7133620.00000,441.99530,40.97053,1.00000
557220.00000,7133620.00000,442.01010,50.76357,1.00000
557240.00000,7133620.00000,442.00490,56.19398,1.00000
557260.00000,7133620.00000,442.00670,64.23918,1.00000
557280.00000,7133620.00000,442.00670,69.49690,1.00000
557300.00000,7133620.00000,442.01410,75.40476,1.00000
557320.00000,7133620.00000,442.00780,79.91283,1.00000
557340.00000,7133620.00000,441.95300,84.26409,1.00000
557360.00000,7133620.00000,441.95300,89.12897,1.00000
557380.00000,7133620.00000,441.86380,92.32547,1.00000
557400.00000,7133620.00000,441.82470,99.68822,1.00000
557420.00000,7133620.00000,442.02670,109.92780,1.00000
557440.00000,7133620.00000,442.02670,114.44960,1.00000
557460.00000,7133620.00000,442.62900,106.68830,1.00000
557480.00000,7133620.00000,443.69540,93.31292,1.00000
557500.00000,7133620.00000,445.12010,72.95633,1.00000
557520.00000,7133620.00000,445.12010,55.92674,1.00000
557540.00000,7133620.00000,446.71940,38.26050,1.00000
557560.00000,7133620.00000,448.34430,20.78845,1.00000
557580.00000,7133620.00000,449.89470,8.28276,1.00000
557600.00000,7133620.00000,449.89470,1.76135,1.00000
557000.00000,7133640.00000,445.71510,-1.66783,1.00000
557020.00000,7133640.00000,445.71510,-2.77196,1.00000
557040.00000,7133640.00000,444.19090,-0.46883,1.00000
557060.00000,7133640.00000,442.97700,0.60356,1.00000
557080.00000,7133640.00000,442.19650,2.47425,1.00000
557100.00000,7133640.00000,441.85780,3.68813,1.00000
557120.00000,7133640.00000,441.85780,7.63789,1.00000
557140.00000,7133640.00000,441.83850,13.93089,1.00000
557160.00000,7133640.00000,441.93400,19.21739,1.00000
557180.00000,7133640.00000,441.99600,24.88151,1.00000
557200.00000,7133640.00000,441.99600,32.74970,1.00000
557220.00000,7133640.00000,442.01370,41.65791,1.00000
557240.00000,7133640.00000,442.00680,51.52893,1.00000
557260.00000,7133640.00000,442.00600,58.39417,1.00000
557280.00000,7133640.00000,442.00600,67.48864,1.00000
557300.00000,7133640.00000,442.01510,75.25058,1.00000
557320.00000,7133640.00000,442.00940,80.23605,1.00000
557340.00000,7133640.00000,441.94620,85.44684,1.00000
557360.00000,7133640.00000,441.94620,90.65532,1.00000
557380.00000,7133640.00000,441.85040,96.75337,1.00000
557400.00000,7133640.00000,441.81480,102.23560,1.00000
557420.00000,7133640.00000,442.01700,106.38140,1.00000
557440.00000,7133640.00000,442.01700,108.31380,1.00000
557460.00000,7133640.00000,442.64830,100.20790,1.00000
557480.00000,7133640.00000,443.73380,89.71095,1.00000
557500.00000,7133640.00000,445.19650,71.44179,1.00000
557520.00000,7133640.00000,445.19650,56.51236,1.00000
557540.00000,7133640.00000,446.84100,36.10264,1.00000
557560.00000,7133640.00000,448.51130,22.68155,1.00000
557580.00000,7133640.00000,450.14130,9.73003,1.00000
557600.00000,7133640.00000,450.14130,3.95282,1.00000
557000.00000,7133660.00000,445.76600,-1.39593,1.00000
557020.00000,7133660.00000,445.76600,-2.28565,1.00000
557040.00000,7133660.00000,444.32180,-0.04592,1.00000
557060.00000,7133660.00000,443.11860,-2.28226,1.00000
557080.00000,7133660.00000,442.29230,0.50791,1.00000
557100.00000,7133660.00000,441.89260,3.42373,1.00000
557120.00000,7133660.00000,441.89260,5.63696,1.00000
557140.00000,7133660.00000,441.83290,9.08094,1.00000
557160.00000,7133660.00000,441.91770,12.27111,1.00000
557180.00000,7133660.00000,441.98930,20.25585,1.00000
557200.00000,7133660.00000,441.98930,26.74720,1.00000
557220.00000,7133660.00000,442.01100,34.20550,1.00000
557240.00000,7133660.00000,442.00760,45.07459,1.00000
557260.00000,7133660.00000,442.00660,53.11139,1.00000
557280.00000,7133660.00000,442.00660,61.05779,1.00000
557300.00000,7133660.00000,442.01930,70.47792,1.00000
557320.00000,7133660.00000,442.01370,78.56024,1.00000
557340.00000,7133660.00000,441.95490,83.41847,1.00000
557360.00000,7133660.00000,441.95490,90.11347,1.00000
557380.00000,7133660.00000,441.84320,96.33179,1.00000
557400.00000,7133660.00000,441.79660,100.96290,1.00000
557420.00000,7133660.00000,442.01150,103.34810,1.00000
557440.00000,7133660.00000,442.01150,101.81100,1.00000
557460.00000,7133660.00000,442.65730,95.24141,1.00000
557480.00000,7133660.00000,443.79240,85.38599,1.00000
557500.00000,7133660.00000,445.31700,72.18668,1.00000
557520.00000,7133660.00000,445.31700,55.41933,1.00000
557540.00000,7133660.00000,447.03400,36.26107,1.00000
557560.00000,7133660.00000,448.77570,21.79230,1.00000
557580.00000,7133660.00000,450.47550,7.93957,1.00000
557600.00000,7133660.00000,450.47550,1.51340,1.00000
557000.00000,7133680.00000,445.76600,-2.06152,1.00000
557020.00000,7133680.00000,445.76600,-4.09233,1.00000
557040.00000,7133680.00000,444.32180,-1.57615,1.00000
557060.00000,7133680.00000,443.11860,-1.81539,1.00000
557080.00000,7133680.00000,442.29230,0.41701,1.00000
557100.00000,7133680.00000,441.89260,-0.23366,1.00000
557120.00000,7133680.00000,441.89260,3.01753,1.00000
557140.00000,7133680.00000,441.83290,4.79651,1.00000
557160.00000,7133680.00000,441.91770,9.18366,1.00000
557180.00000,7133680.00000,441.98930,12.92484,1.00000
557200.00000,7133680.00000,441.98930,19.54993,1.00000
557220.00000,7133680.00000,442.01100,28.07293,1.00000
557240.00000,7133680.00000,442.00760,36.40531,1.00000
557260.00000,7133680.00000,442.00660,46.10149,1.00000
557280.00000,7133680.00000,442.00660,57.49654,1.00000
557300.00000,7133680.00000,442.01930,64.16085,1.00000
557320.00000,7133680.00000,442.01370,69.21182,1.00000
557340.00000,7133680.00000,441.95490,79.60275,1.00000
557360.00000,7133680.00000,441.95490,86.64728,1.00000
557380.00000,7133680.00000,441.84320,94.50139,1.00000
557400.00000,7133680.00000,441.79660,100.52680,1.00000
557420.00000,7133680.00000,442.01150,103.63400,1.00000
557440.00000,7133680.00000,442.01150,100.31900,1.00000
557460.00000,7133680.00000,442.65730,94.58242,1.00000
557480.00000,7133680.00000,443.79240,85.75305,1.00000
557500.00000,7133680.00000,445.31700,72.50957,1.00000
557520.00000,7133680.00000,445.31700,56.44133,1.00000
557540.00000,7133680.00000,447.03400,36.95012,1.00000
557560.00000,7133680.00000,448.77570,20.36039,1.00000
557580.00000,7133680.00000,450.47550,9.83959,1.00000
557600.00000,7133680.00000,450.47550,1.82361,1.00000
557000.00000,7133700.00000,445.86160,-1.42793,1.00000
557020.00000,7133700.00000,445.86160,-3.28383,1.00000
557040.00000,7133700.00000,444.45480,-3.26599,1.00000
557060.00000,7133700.00000,443.28020,-3.32139,1.00000
557080.00000,7133700.00000,442.42800,-0.95842,1.00000
557100.00000,7133700.00000,441.96950,-1.18377,1.00000
557120.00000,7133700.00000,441.96950,-0.07010,1.00000
557140.00000,7133700.00000,441.84960,4.07181,1.00000
557160.00000,7133700.00000,441.91330,4.23730,1.00000
557180.00000,7133700.00000,441.98140,8.31010,1.00000
557200.00000,7133700.00000,441.98140,12.33962,1.00000
557220.00000,7133700.00000,442.00830,19.67012,1.00000
557240.00000,7133700.00000,442.00700,29.14277,1.00000
557260.00000,7133700.00000,442.01170,36.61404,1.00000
557280.00000,7133700.00000,442.01170,47.61811,1.00000
557300.00000,7133700.00000,442.02090,55.49307,1.00000
557320.00000,7133700.00000,442.01610,64.56179,1.00000
557340.00000,7133700.00000,441.96230,72.78009,1.00000
557360.00000,7133700.00000,441.96230,82.33175,1.00000
557380.00000,7133700.00000,441.84000,91.78517,1.00000
557400.00000,7133700.00000,441.77630,99.65723,1.00000
557420.00000,7133700.00000,441.99150,102.91720,1.00000
557440.00000,7133700.00000,441.99150,100.69120,1.00000
557460.00000,7133700.00000,442.67300,93.00121,1.00000
557480.00000,7133700.00000,443.86200,84.46066,1.00000
557500.00000,7133700.00000,445.46290,72.06129,1.00000
557520.00000,7133700.00000,445.46290,55.41787,1.00000
557540.00000,7133700.00000,447.27290,34.95949,1.00000
557560.00000,7133700.00000,449.13880,20.21623,1.00000
557580.00000,7133700.00000,450.95870,7.17728,1.00000
557600.00000,7133700.00000,450.95870,1.05633,1.00000
557000.00000,7133720.00000,445.96660,-3.64489,1.00000
557020.00000,7133720.00000,445.96660,-1.90093,1.00000
557040.00000,7133720.00000,444.57760,-2.46880,1.00000
557060.00000,7133720.00000,443.41050,-3.23163,1.00000
557080.00000,7133720.00000,442.54660,-2.82226,1.00000
557100.00000,7133720.00000,442.05090,-2.20688,1.00000
557120.00000,7133720.00000,442.05090,-0.95078,1.00000
557140.00000,7133720.00000,441.88030,0.62206,1.00000
557160.00000,7133720.00000,441.90980,3.13096,1.00000
557180.00000,7133720.00000,441.97450,6.49197,1.00000
557200.00000,7133720.00000,441.97450,10.20402,1.00000
557220.00000,7133720.00000,442.00960,14.86998,1.00000
557240.00000,7133720.00000,442.00930,25.18956,1.00000
557260.00000,7133720.00000,442.01260,29.85197,1.00000
557280.00000,7133720.00000,442.01260,39.33314,1.00000
557300.00000,7133720.00000,442.02340,49.32968,1.00000
557320.00000,7133720.00000,442.01660,56.58194,1.00000
557340.00000,7133720.00000,441.94770,65.26790,1.00000
557360.00000,7133720.00000,441.94770,75.25410,1.00000
557380.00000,7133720.00000,441.81480,87.37682,1.00000
557400.00000,7133720.00000,441.75660,96.52928,1.00000
557420.00000,7133720.00000,442.00270,99.98970,1.00000
557440.00000,7133720.00000,442.00270,96.79014,1.00000
557460.00000,7133720.00000,442.72490,91.06998,1.00000
557480.00000,7133720.00000,443.97810,81.85797,1.00000
557500.00000,7133720.00000,445.64200,66.07725,1.00000
557520.00000,7133720.00000,445.64200,51.13499,1.00000
557540.00000,7133720.00000,447.55710,31.37495,1.00000
557560.00000,7133720.00000,449.56450,16.74039,1.00000
557580.00000,7133720.00000,451.53820,8.31240,1.00000
557600.00000,7133720.00000,451.53820,2.69913,1.00000
557000.00000,7133740.00000,446.10820,-3.00682,1.00000
557020.00000,7133740.00000,446.10820,-2.26531,1.00000
557040.00000,7133740.00000,444.70590,-4.27898,1.00000
557060.00000,7133740.00000,443.51660,-4.84868,1.00000
557080.00000,7133740.00000,442.62170,-3.91194,1.00000
557100.00000,7133740.00000,442.09870,-3.52519,1.00000
557120.00000,7133740.00000,442.09870,-2.74518,1.00000
557140.00000,7133740.00000,441.90560,0.51608,1.00000
557160.00000,7133740.00000,441.90640,1.23311,1.00000
557180.00000,7133740.00000,441.96920,3.41193,1.00000
557200.00000,7133740.00000,441.96920,4.47308,1.00000
557220.00000,7133740.00000,442.00730,10.83121,1.00000
557240.00000,7133740.00000,442.01320,17.45276,1.00000
557260.00000,7133740.00000,442.01420,23.54777,1.00000
557280.00000,7133740.00000,442.01420,32.68801,1.00000
557300.00000,7133740.00000,442.02140,41.28872,1.00000
557320.00000,7133740.00000,442.00580,48.69852,1.00000
557340.00000,7133740.00000,441.91970,59.48966,1.00000
557360.00000,7133740.00000,441.91970,69.58548,1.00000
557380.00000,7133740.00000,441.78010,81.28283,1.00000
557400.00000,7133740.00000,441.72120,89.77388,1.00000
557420.00000,7133740.00000,441.99980,93.72095,1.00000
557440.00000,7133740.00000,441.99980,90.87996,1.00000
557460.00000,7133740.00000,442.78510,82.75970,1.00000
557480.00000,7133740.00000,444.12970,71.69868,1.00000
557500.00000,7133740.00000,445.88620,55.78697,1.00000
557520.00000,7133740.00000,445.88620,37.75127,1.00000
557540.00000,7133740.00000,447.89710,24.41339,1.00000
557560.00000,7133740.00000,450.02880,12.17801,1.00000
557580.00000,7133740.00000,452.16190,5.61299,1.00000
557600.00000,7133740.00000,452.16190,-1.24053,1.00000
557000.00000,7133760.00000,446.22770,-3.47147,1.00000
557020.00000,7133760.00000,446.22770,-4.01809,1.00000
557040.00000,7133760.00000,444.81700,-1.70438,1.00000
557060.00000,7133760.00000,443.60480,-3.25201,1.00000
557080.00000,7133760.00000,442.67630,-3.20471,1.00000
557100.00000,7133760.00000,442.12360,-2.96115,1.00000
557120.00000,7133760.00000,442.12360,-3.06789,1.00000
557140.00000,7133760.00000,441.90540,-1.17206,1.00000
557160.00000,7133760.00000,441.90530,-2.43194,1.00000
557180.00000,7133760.00000,441.96240,-0.19839,1.00000
557200.00000,7133760.00000,441.96240,2.76484,1.00000
557220.00000,7133760.00000,442.00280,6.04522,1.00000
557240.00000,7133760.00000,442.01700,11.06168,1.00000
557260.00000,7133760.00000,442.02250,18.82777,1.00000
557280.00000,7133760.00000,442.02250,22.57903,1.00000
557300.00000,7133760.00000,442.02180,32.45478,1.00000
557320.00000,7133760.00000,441.99770,39.41958,1.00000
557340.00000,7133760.00000,441.90940,48.02331,1.00000
557360.00000,7133760.00000,441.90940,58.80865,1.00000
557380.00000,7133760.00000,441.75440,70.93742,1.00000
557400.00000,7133760.00000,441.68670,79.58525,1.00000
557420.00000,7133760.00000,441.98480,82.29781,1.00000
557440.00000,7133760.00000,441.98480,75.83745,1.00000
557460.00000,7133760.00000,442.86770,67.04614,1.00000
557480.00000,7133760.00000,444.32290,55.77311,1.00000
557500.00000,7133760.00000,446.19660,40.96084,1.00000
557520.00000,7133760.00000,446.19660,27.35670,1.00000
557540.00000,7133760.00000,448.32020,13.74910,1.00000
557560.00000,7133760.00000,450.58090,6.73258,1.00000
557580.00000,7133760.00000,452.83900,1.77349,1.00000
557600.00000,7133760.00000,452.83900,-1.41602,1.00000
557000.00000,7133780.00000,446.22770,-1.87011,1.00000
557020.00000,7133780.00000,446.22770,-2.56291,1.00000
557040.00000,7133780.00000,444.81700,-3.45702,1.00000
557060.00000,7133780.00000,443.60480,-3.29083,1.00000
557080.00000,7133780.00000,442.67630,-3.16294,1.00000
557100.00000,7133780.00000,442.12360,-3.86467,1.00000
557120.00000,7133780.00000,442.12360,-3.67962,1.00000
557140.00000,7133780.00000,441.90540,-3.00062,1.00000
557160.00000,7133780.00000,441.90530,-1.97458,1.00000
557180.00000,7133780.00000,441.96240,-2.36749,1.00000
557200.00000,7133780.00000,441.96240,-0.06954,1.00000
557220.00000,7133780.00000,442.00280,3.31110,1.00000
557240.00000,7133780.00000,442.01700,5.99463,1.00000
557260.00000,7133780.00000,442.02250,12.32062,1.00000
557280.00000,7133780.00000,442.02250,15.91003,1.00000
557300.00000,7133780.00000,442.02180,24.12061,1.00000
557320.00000,7133780.00000,441.99770,31.83902,1.00000
557340.00000,7133780.00000,441.90940,37.80343,1.00000
557360.00000,7133780.00000,441.90940,48.37006,1.00000
557380.00000,7133780.00000,441.75440,58.20559,1.00000
557400.00000,7133780.00000,441.68670,66.05832,1.00000
557420.00000,7133780.00000,441.98480,62.77044,1.00000
557440.00000,7133780.00000,441.98480,57.57202,1.00000
557460.00000,7133780.00000,442.86770,43.87208,1.00000
557480.00000,7133780.00000,444.32290,31.49384,1.00000
557500.00000,7133780.00000,446.19660,23.58157,1.00000
557520.00000,7133780.00000,446.19660,15.46715,1.00000
557540.00000,7133780.00000,448.32020,5.47655,1.00000
557560.00000,7133780.00000,450.58090,0.79596,1.00000
557580.00000,7133780.00000,452.83900,-2.04390,1.00000
557600.00000,7133780.00000,452.83900,-3.34142,1.00000
557000.00000,7133800.00000,446.30360,-4.26815,1.00000
557020.00000,7133800.00000,446.30360,-3.98110,1.00000
557040.00000,7133800.00000,444.92260,-4.29887,1.00000
557060.00000,7133800.00000,443.69690,-5.33823,1.00000
557080.00000,7133800.00000,442.72190,-4.59464,1.00000
557100.00000,7133800.00000,442.13100,-4.04432,1.00000
557120.00000,7133800.00000,442.13100,-3.93831,1.00000
557140.00000,7133800.00000,441.89560,-6.67599,1.00000
557160.00000,7133800.00000,441.88980,-3.63491,1.00000
557180.00000,7133800.00000,441.95130,-1.98515,1.00000
557200.00000,7133800.00000,441.95130,-0.60203,1.00000
557220.00000,7133800.00000,442.00030,-0.45087,1.00000
557240.00000,7133800.00000,442.01870,4.02549,1.00000
557260.00000,7133800.00000,442.02510,5.68128,1.00000
557280.00000,7133800.00000,442.02510,12.61939,1.00000
557300.00000,7133800.00000,442.01920,16.85072,1.00000
557320.00000,7133800.00000,441.97470,22.11726,1.00000
557340.00000,7133800.00000,441.87020,30.53500,1.00000
557360.00000,7133800.00000,441.87020,36.85178,1.00000
557380.00000,7133800.00000,441.71760,45.64615,1.00000
557400.00000,7133800.00000,441.67740,49.05750,1.00000
557420.00000,7133800.00000,442.01240,46.09951,1.00000
557440.00000,7133800.00000,442.01240,36.06538,1.00000
557460.00000,7133800.00000,442.96740,28.17316,1.00000
557480.00000,7133800.00000,444.52390,16.89600,1.00000
557500.00000,7133800.00000,446.54390,10.37623,1.00000
557520.00000,7133800.00000,446.54390,5.32693,1.00000
557540.00000,7133800.00000,448.82410,0.15233,1.00000
557560.00000,7133800.00000,451.20990,-1.42525,1.00000
557580.00000,7133800.00000,453.55900,-5.16919,1.00000
557600.00000,7133800.00000,453.55900,-4.81719,1.00000
557000.00000,7133820.00000,446.32850,-4.73525,1.00000
557020.00000,7133820.00000,446.32850,-4.02140,1.00000
557040.00000,7133820.00000,444.97370,-3.78500,1.00000
557060.00000,7133820.00000,443.77700,-4.49514,1.00000
557080.00000,7133820.00000,442.79360,-2.64215,1.00000
557100.00000,7133820.00000,442.15920,-5.20777,1.00000
557120.00000,7133820.00000,442.15920,-4.96353,1.00000
557140.00000,7133820.00000,441.89050,-3.78017,1.00000
557160.00000,7133820.00000,441.87570,-3.79479,1.00000
557180.00000,7133820.00000,441.94050,-1.65965,1.00000
557200.00000,7133820.00000,441.94050,-2.85479,1.00000
557220.00000,7133820.00000,441.99780,-1.45626,1.00000
557240.00000,7133820.00000,442.01920,-0.89002,1.00000
557260.00000,7133820.00000,442.02640,3.79161,1.00000
557280.00000,7133820.00000,442.02640,6.58200,1.00000
557300.00000,7133820.00000,442.01360,12.55552,1.00000
557320.00000,7133820.00000,441.96160,17.10737,1.00000
557340.00000,7133820.00000,441.84440,22.60648,1.00000
557360.00000,7133820.00000,441.84440,30.39783,1.00000
557380.00000,7133820.00000,441.70390,35.25140,1.00000
557400.00000,7133820.00000,441.70240,35.42824,1.00000
557420.00000,7133820.00000,442.09700,27.78430,1.00000
557440.00000,7133820.00000,442.09700,20.34206,1.00000
557460.00000,7133820.00000,443.08480,11.92624,1.00000
557480.00000,7133820.00000,444.74930,3.08786,1.00000
557500.00000,7133820.00000,446.89670,3.28255,1.00000
557520.00000,7133820.00000,446.89670,-2.02991,1.00000
557540.00000,7133820.00000,449.32850,-2.43470,1.00000
557560.00000,7133820.00000,451.88020,-3.79917,1.00000
557580.00000,7133820.00000,454.34670,-5.43518,1.00000
557600.00000,7133820.00000,454.34670,-6.41324,1.00000
557000.00000,7133840.00000,446.37740,-3.15162,1.00000
557020.00000,7133840.00000,446.37740,-4.37623,1.00000
557040.00000,7133840.00000,445.00830,-5.40042,1.00000
557060.00000,7133840.00000,443.84290,-3.39220,1.00000
557080.00000,7133840.00000,442.86870,-4.00870,1.00000
557100.00000,7133840.00000,442.19460,-4.59515,1.00000
557120.00000,7133840.00000,442.19460,-3.84480,1.00000
557140.00000,7133840.00000,441.90130,-5.56189,1.00000
557160.00000,7133840.00000,441.86360,-5.98257,1.00000
557180.00000,7133840.00000,441.92920,-5.33673,1.00000
557200.00000,7133840.00000,441.92920,-4.91386,1.00000
557220.00000,7133840.00000,441.99510,-3.17594,1.00000
557240.00000,7133840.00000,442.01920,-2.68964,1.00000
557260.00000,7133840.00000,442.01920,1.83179,1.00000
557280.00000,7133840.00000,442.01920,3.77613,1.00000
557300.00000,7133840.00000,441.99910,7.26834,1.00000
557320.00000,7133840.00000,441.92990,11.70133,1.00000
557340.00000,7133840.00000,441.80650,15.42901,1.00000
557360.00000,7133840.00000,441.80650,21.26643,1.00000
557380.00000,7133840.00000,441.70220,23.40932,1.00000
557400.00000,7133840.00000,441.77450,20.43343,1.00000
557420.00000,7133840.00000,442.24190,16.31833,1.00000
557440.00000,7133840.00000,442.24190,10.14826,1.00000
557460.00000,7133840.00000,443.32930,2.78649,1.00000
557480.00000,7133840.00000,445.02040,-1.02016,1.00000
557500.00000,7133840.00000,447.23480,-0.27923,1.00000
557520.00000,7133840.00000,447.23480,-6.93969,1.00000
557540.00000,7133840.00000,449.78870,-5.89883,1.00000
557560.00000,7133840.00000,452.49840,-7.35150,1.00000
557580.00000,7133840.00000,455.10680,-8.17398,1.00000
557600.00000,7133840.00000,455.10680,-7.01281,1.00000
557000.00000,7133860.00000,446.42260,-2.93414,1.00000
557020.00000,7133860.00000,446.42260,-3.26125,1.00000
557040.00000,7133860.00000,445.06550,-4.46390,1.00000
557060.00000,7133860.00000,443.90350,-4.74915,1.00000
557080.00000,7133860.00000,442.93960,-4.45136,1.00000
557100.00000,7133860.00000,442.26240,-5.19030,1.00000
557120.00000,7133860.00000,442.26240,-5.57360,1.00000
557140.00000,7133860.00000,441.92480,-4.81161,1.00000
557160.00000,7133860.00000,441.86670,-5.74830,1.00000
557180.00000,7133860.00000,441.92660,-5.37978,1.00000
557200.00000,7133860.00000,441.92660,-2.29350,1.00000
557220.00000,7133860.00000,441.99160,-4.47598,1.00000
557240.00000,7133860.00000,442.01790,-4.28087,1.00000
557260.00000,7133860.00000,442.01070,-3.57070,1.00000
557280.00000,7133860.00000,442.01070,0.03742,1.00000
557300.00000,7133860.00000,441.97880,2.16684,1.00000
557320.00000,7133860.00000,441.90130,5.20868,1.00000
557340.00000,7133860.00000,441.80270,7.72093,1.00000
557360.00000,7133860.00000,441.80270,12.18652,1.00000
557380.00000,7133860.00000,441.73770,12.85406,1.00000
557400.00000,7133860.00000,441.89150,9.11017,1.00000
557420.00000,7133860.00000,442.46830,6.11144,1.00000
557440.00000,7133860.00000,442.46830,2.80658,1.00000
557460.00000,7133860.00000,443.63820,-0.56227,1.00000
557480.00000,7133860.00000,445.36570,-6.03107,1.00000
557500.00000,7133860.00000,447.58590,-6.03210,1.00000
557520.00000,7133860.00000,447.58590,-7.86691,1.00000
557540.00000,7133860.00000,450.17280,-7.98922,1.00000
557560.00000,7133860.00000,452.98190,-6.58921,1.00000
557580.00000,7133860.00000,455.72030,-6.46836,1.00000
557600.00000,7133860.00000,455.72030,-8.13140,1.00000
557000.00000,7133880.00000,446.42260,-3.03943,1.00000
557020.00000,7133880.00000,446.42260,-4.86478,1.00000
557040.00000,7133880.00000,445.06550,-3.28174,1.00000
557060.00000,7133880.00000,443.90350,-2.37427,1.00000
557080.00000,7133880.00000,442.93960,-4.34274,1.00000
557100.00000,7133880.00000,442.26240,-3.74105,1.00000
557120.00000,7133880.00000,442.26240,-3.54977,1.00000
557140.00000,7133880.00000,441.92480,-6.50404,1.00000
557160.00000,7133880.00000,441.86670,-4.01560,1.00000
557180.00000,7133880.00000,441.92660,-5.29606,1.00000
557200.00000,7133880.00000,441.92660,-3.79268,1.00000
557220.00000,7133880.00000,441.99160,-4.92842,1.00000
557240.00000,7133880.00000,442.01790,-3.82594,1.00000
557260.00000,7133880.00000,442.01070,-4.09418,1.00000
557280.00000,7133880.00000,442.01070,-2.07254,1.00000
557300.00000,7133880.00000,441.97880,-0.57202,1.00000
557320.00000,7133880.00000,441.90130,1.01239,1.00000
557340.00000,7133880.00000,441.80270,4.17805,1.00000
557360.00000,7133880.00000,441.80270,2.84152,1.00000
557380.00000,7133880.00000,441.73770,5.51727,1.00000
557400.00000,7133880.00000,441.89150,3.35162,1.00000
557420.00000,7133880.00000,442.46830,-0.22413,1.00000
557440.00000,7133880.00000,442.46830,-3.94107,1.00000
557460.00000,7133880.00000,443.63820,-5.68818,1.00000
557480.00000,7133880.00000,445.36570,-6.77584,1.00000
557500.00000,7133880.00000,447.58590,-7.70052,1.00000
557520.00000,7133880.00000,447.58590,-7.15150,1.00000
557540.00000,7133880.00000,450.17280,-6.00358,1.00000
557560.00000,7133880.00000,452.98190,-7.20478,1.00000
557580.00000,7133880.00000,455.72030,-8.31692,1.00000
557600.00000,7133880.00000,455.72030,-7.39956,1.00000
557000.00000,7133900.00000,446.41630,-3.94525,1.00000
557020.00000,7133900.00000,446.41630,-3.88368,1.00000
557040.00000,7133900.00000,445.11480,-4.28795,1.00000
557060.00000,7133900.00000,443.97600,-3.88480,1.00000
557080.00000,7133900.00000,443.01590,-3.21532,1.00000
557100.00000,7133900.00000,442.32630,-6.32043,1.00000
557120.00000,7133900.00000,442.32630,-5.11131,1.00000
557140.00000,7133900.00000,441.96500,-4.88639,1.00000
557160.00000,7133900.00000,441.87540,-5.66292,1.00000
557180.00000,7133900.00000,441.92660,-6.46662,1.00000
557200.00000,7133900.00000,441.92660,-5.21204,1.00000
557220.00000,7133900.00000,441.98700,-5.19411,1.00000
557240.00000,7133900.00000,442.01340,-4.43026,1.00000
557260.00000,7133900.00000,442.00060,-3.98339,1.00000
557280.00000,7133900.00000,442.00060,-4.17214,1.00000
557300.00000,7133900.00000,441.95720,-2.46198,1.00000
557320.00000,7133900.00000,441.87720,-1.26985,1.00000
557340.00000,7133900.00000,441.80830,-1.21620,1.00000
557360.00000,7133900.00000,441.80830,1.49931,1.00000
557380.00000,7133900.00000,441.80980,-1.98898,1.00000
557400.00000,7133900.00000,442.06670,-1.85018,1.00000
557420.00000,7133900.00000,442.76710,-4.74075,1.00000
557440.00000,7133900.00000,442.76710,-6.03290,1.00000
557460.00000,7133900.00000,444.00050,-8.77244,1.00000
557480.00000,7133900.00000,445.77180,-9.75816,1.00000
557500.00000,7133900.00000,447.95510,-8.93750,1.00000
557520.00000,7133900.00000,447.95510,-8.03943,1.00000
557540.00000,7133900.00000,450.48020,-8.57993,1.00000
557560.00000,7133900.00000,453.28080,-7.08803,1.00000
557580.00000,7133900.00000,456.07430,-7.01570,1.00000
557600.00000,7133900.00000,456.07430,-7.89880,1.00000
