X,Y,Z,Anomalia_Bouguer_mGal,Error_Est
557000.00000,7133300.00000,430.25950,-0.21519,0.00000
557020.00000,7133300.00000,430.25950,-0.23735,0.00000
557040.00000,7133300.00000,428.88200,-0.26066,0.00000
557060.00000,7133300.00000,427.75490,-0.28578,0.00000
557080.00000,7133300.00000,427.09970,-0.31251,0.00000
557100.00000,7133300.00000,426.85860,-0.34027,0.00000
557120.00000,7133300.00000,426.85860,-0.36814,0.00000
557140.00000,7133300.00000,426.85470,-0.39497,0.00000
557160.00000,7133300.00000,426.92090,-0.41951,0.00000
557180.00000,7133300.00000,426.98240,-0.44043,0.00000
557200.00000,7133300.00000,426.98240,-0.45643,0.00000
557220.00000,7133300.00000,427.00870,-0.46654,0.00000
557240.00000,7133300.00000,427.03190,-0.47011,0.00000
557260.00000,7133300.00000,427.05120,-0.46697,0.00000
557280.00000,7133300.00000,427.05120,-0.45750,0.00000
557300.00000,7133300.00000,427.03890,-0.44253,0.00000
557320.00000,7133300.00000,426.92810,-0.42312,0.00000
557340.00000,7133300.00000,426.70830,-0.40055,0.00000
557360.00000,7133300.00000,426.70830,-0.37628,0.00000
557380.00000,7133300.00000,426.46720,-0.35104,0.00000
557400.00000,7133300.00000,426.38940,-0.32597,0.00000
557420.00000,7133300.00000,426.60400,-0.30179,0.00000
557440.00000,7133300.00000,426.60400,-0.27844,0.00000
557460.00000,7133300.00000,427.11080,-0.25674,0.00000
557480.00000,7133300.00000,427.81630,-0.23654,0.00000
557500.00000,7133300.00000,428.59500,-0.21773,0.00000
557520.00000,7133300.00000,428.59500,-0.19966,0.00000
557540.00000,7133300.00000,429.32650,-0.18347,0.00000
557560.00000,7133300.00000,429.97110,-0.16845,0.00000
557580.00000,7133300.00000,430.52610,-0.15457,0.00000
557600.00000,7133300.00000,430.52610,-0.14148,0.00000
557000.00000,7133320.00000,429.83470,-0.23556,0.00000
557020.00000,7133320.00000,429.83470,-0.26177,0.00000
557040.00000,7133320.00000,428.55140,-0.28997,0.00000
557060.00000,7133320.00000,427.55040,-0.32086,0.00000
557080.00000,7133320.00000,427.00130,-0.35423,0.00000
557100.00000,7133320.00000,426.81560,-0.38939,0.00000
557120.00000,7133320.00000,426.81560,-0.42524,0.00000
557140.00000,7133320.00000,426.84500,-0.46029,0.00000
557160.00000,7133320.00000,426.92240,-0.49277,0.00000
557180.00000,7133320.00000,426.98360,-0.52075,0.00000
557200.00000,7133320.00000,426.98360,-0.54236,0.00000
557220.00000,7133320.00000,427.00470,-0.55608,0.00000
557240.00000,7133320.00000,427.01280,-0.56091,0.00000
557260.00000,7133320.00000,427.02550,-0.55655,0.00000
557280.00000,7133320.00000,427.02550,-0.54353,0.00000
557300.00000,7133320.00000,427.02690,-0.52310,0.00000
557320.00000,7133320.00000,426.98190,-0.49700,0.00000
557340.00000,7133320.00000,426.86370,-0.46713,0.00000
557360.00000,7133320.00000,426.86370,-0.43543,0.00000
557380.00000,7133320.00000,426.70550,-0.40319,0.00000
557400.00000,7133320.00000,426.65090,-0.37167,0.00000
557420.00000,7133320.00000,426.83920,-0.34168,0.00000
557440.00000,7133320.00000,426.83920,-0.31323,0.00000
557460.00000,7133320.00000,427.33310,-0.28709,0.00000
557480.00000,7133320.00000,428.05600,-0.26303,0.00000
557500.00000,7133320.00000,428.86610,-0.24087,0.00000
557520.00000,7133320.00000,428.86610,-0.21980,0.00000
557540.00000,7133320.00000,429.65260,-0.20104,0.00000
557560.00000,7133320.00000,430.33810,-0.18376,0.00000
557580.00000,7133320.00000,430.93440,-0.16789,0.00000
557600.00000,7133320.00000,430.93440,-0.15302,0.00000
557000.00000,7133340.00000,429.52830,-0.25720,0.00000
557020.00000,7133340.00000,429.52830,-0.28807,0.00000
557040.00000,7133340.00000,428.30190,-0.32201,0.00000
557060.00000,7133340.00000,427.40460,-0.35988,0.00000
557080.00000,7133340.00000,426.92190,-0.40147,0.00000
557100.00000,7133340.00000,426.79980,-0.44610,0.00000
557120.00000,7133340.00000,426.79980,-0.49242,0.00000
557140.00000,7133340.00000,426.86120,-0.53853,0.00000
557160.00000,7133340.00000,426.94130,-0.58188,0.00000
557180.00000,7133340.00000,426.99210,-0.61966,0.00000
557200.00000,7133340.00000,426.99210,-0.64918,0.00000
557220.00000,7133340.00000,427.00540,-0.66814,0.00000
557240.00000,7133340.00000,427.00590,-0.67499,0.00000
557260.00000,7133340.00000,427.00940,-0.66912,0.00000
557280.00000,7133340.00000,427.00940,-0.65119,0.00000
557300.00000,7133340.00000,427.01220,-0.62307,0.00000
557320.00000,7133340.00000,426.98970,-0.58748,0.00000
557340.00000,7133340.00000,426.93140,-0.54741,0.00000
557360.00000,7133340.00000,426.93140,-0.50564,0.00000
557380.00000,7133340.00000,426.86120,-0.46417,0.00000
557400.00000,7133340.00000,426.86780,-0.42444,0.00000
557420.00000,7133340.00000,427.07130,-0.38731,0.00000
557440.00000,7133340.00000,427.07130,-0.35269,0.00000
557460.00000,7133340.00000,427.54400,-0.32123,0.00000
557480.00000,7133340.00000,428.25510,-0.29262,0.00000
557500.00000,7133340.00000,429.09220,-0.26655,0.00000
557520.00000,7133340.00000,429.09220,-0.24200,0.00000
557540.00000,7133340.00000,429.93450,-0.22030,0.00000
557560.00000,7133340.00000,430.68460,-0.20046,0.00000
557580.00000,7133340.00000,431.33380,-0.18233,0.00000
557600.00000,7133340.00000,431.33380,-0.16544,0.00000
557000.00000,7133360.00000,429.37800,-0.27977,0.00000
557020.00000,7133360.00000,429.37800,-0.31590,0.00000
557040.00000,7133360.00000,428.14820,-0.35647,0.00000
557060.00000,7133360.00000,427.28150,-0.40258,0.00000
557080.00000,7133360.00000,426.86950,-0.45425,0.00000
557100.00000,7133360.00000,426.78550,-0.51080,0.00000
557120.00000,7133360.00000,426.78550,-0.57075,0.00000
557140.00000,7133360.00000,426.86630,-0.63156,0.00000
557160.00000,7133360.00000,426.95760,-0.68961,0.00000
557180.00000,7133360.00000,426.99820,-0.74075,0.00000
557200.00000,7133360.00000,426.99820,-0.78110,0.00000
557220.00000,7133360.00000,427.00900,-0.80755,0.00000
557240.00000,7133360.00000,427.00590,-0.81779,0.00000
557260.00000,7133360.00000,427.00830,-0.81044,0.00000
557280.00000,7133360.00000,427.00830,-0.78610,0.00000
557300.00000,7133360.00000,427.00640,-0.74740,0.00000
557320.00000,7133360.00000,426.98800,-0.69854,0.00000
557340.00000,7133360.00000,426.94600,-0.64429,0.00000
557360.00000,7133360.00000,426.94600,-0.58889,0.00000
557380.00000,7133360.00000,426.91700,-0.53527,0.00000
557400.00000,7133360.00000,426.98400,-0.48514,0.00000
557420.00000,7133360.00000,427.23040,-0.43925,0.00000
557440.00000,7133360.00000,427.23040,-0.39724,0.00000
557460.00000,7133360.00000,427.71160,-0.35958,0.00000
557480.00000,7133360.00000,428.41720,-0.32567,0.00000
557500.00000,7133360.00000,429.27270,-0.29507,0.00000
557520.00000,7133360.00000,429.27270,-0.26653,0.00000
557540.00000,7133360.00000,430.16790,-0.24144,0.00000
557560.00000,7133360.00000,430.99880,-0.21866,0.00000
557580.00000,7133360.00000,431.71700,-0.19798,0.00000
557600.00000,7133360.00000,431.71700,-0.17879,0.00000
557000.00000,7133380.00000,429.37800,-0.30278,0.00000
557020.00000,7133380.00000,429.37800,-0.34464,0.00000
557040.00000,7133380.00000,428.14820,-0.39265,0.00000
557060.00000,7133380.00000,427.28150,-0.44829,0.00000
557080.00000,7133380.00000,426.86950,-0.51194,0.00000
557100.00000,7133380.00000,426.78550,-0.58313,0.00000
557120.00000,7133380.00000,426.78550,-0.66031,0.00000
557140.00000,7133380.00000,426.86630,-0.74013,0.00000
557160.00000,7133380.00000,426.95760,-0.81737,0.00000
557180.00000,7133380.00000,426.99820,-0.88570,0.00000
557200.00000,7133380.00000,426.99820,-0.93980,0.00000
557220.00000,7133380.00000,427.00900,-0.97624,0.00000
557240.00000,7133380.00000,427.00590,-0.99206,0.00000
557260.00000,7133380.00000,427.00830,-0.98429,0.00000
557280.00000,7133380.00000,427.00830,-0.95270,0.00000
557300.00000,7133380.00000,427.00640,-0.90049,0.00000
557320.00000,7133380.00000,426.98800,-0.83384,0.00000
557340.00000,7133380.00000,426.94600,-0.76044,0.00000
557360.00000,7133380.00000,426.94600,-0.68697,0.00000
557380.00000,7133380.00000,426.91700,-0.61769,0.00000
557400.00000,7133380.00000,426.98400,-0.55457,0.00000
557420.00000,7133380.00000,427.23040,-0.49807,0.00000
557440.00000,7133380.00000,427.23040,-0.44739,0.00000
557460.00000,7133380.00000,427.71160,-0.40252,0.00000
557480.00000,7133380.00000,428.41720,-0.36252,0.00000
557500.00000,7133380.00000,429.27270,-0.32670,0.00000
557520.00000,7133380.00000,429.27270,-0.29356,0.00000
557540.00000,7133380.00000,430.16790,-0.26452,0.00000
557560.00000,7133380.00000,430.99880,-0.23830,0.00000
557580.00000,7133380.00000,431.71700,-0.21463,0.00000
557600.00000,7133380.00000,431.71700,-0.19284,0.00000
557000.00000,7133400.00000,429.42140,-0.32545,0.00000
557020.00000,7133400.00000,429.42140,-0.37333,0.00000
557040.00000,7133400.00000,428.12480,-0.42936,0.00000
557060.00000,7133400.00000,427.26220,-0.49557,0.00000
557080.00000,7133400.00000,426.85130,-0.57293,0.00000
557100.00000,7133400.00000,426.78520,-0.66134,0.00000
557120.00000,7133400.00000,426.78520,-0.75918,0.00000
557140.00000,7133400.00000,426.87450,-0.86196,0.00000
557160.00000,7133400.00000,426.96110,-0.96218,0.00000
557180.00000,7133400.00000,427.00610,-1.05026,0.00000
557200.00000,7133400.00000,427.00610,-1.11939,0.00000
557220.00000,7133400.00000,427.01100,-1.16715,0.00000
557240.00000,7133400.00000,427.00730,-1.19090,0.00000
557260.00000,7133400.00000,427.00920,-1.18539,0.00000
557280.00000,7133400.00000,427.00920,-1.14808,0.00000
557300.00000,7133400.00000,427.00900,-1.08162,0.00000
557320.00000,7133400.00000,426.98590,-0.99406,0.00000
557340.00000,7133400.00000,426.93620,-0.89692,0.00000
557360.00000,7133400.00000,426.93620,-0.80074,0.00000
557380.00000,7133400.00000,426.91440,-0.71211,0.00000
557400.00000,7133400.00000,427.00610,-0.63340,0.00000
557420.00000,7133400.00000,427.29500,-0.56458,0.00000
557440.00000,7133400.00000,427.29500,-0.50401,0.00000
557460.00000,7133400.00000,427.81450,-0.45102,0.00000
557480.00000,7133400.00000,428.54450,-0.40413,0.00000
557500.00000,7133400.00000,429.41870,-0.36234,0.00000
557520.00000,7133400.00000,429.41870,-0.32388,0.00000
557540.00000,7133400.00000,430.35650,-0.29028,0.00000
557560.00000,7133400.00000,431.26340,-0.26012,0.00000
557580.00000,7133400.00000,432.06730,-0.23305,0.00000
557600.00000,7133400.00000,432.06730,-0.20824,0.00000
557000.00000,7133420.00000,429.64780,-0.34699,0.00000
557020.00000,7133420.00000,429.64780,-0.40084,0.00000
557040.00000,7133420.00000,428.22580,-0.46500,0.00000
557060.00000,7133420.00000,427.30550,-0.54225,0.00000
557080.00000,7133420.00000,426.86120,-0.63431,0.00000
557100.00000,7133420.00000,426.79770,-0.74155,0.00000
557120.00000,7133420.00000,426.79770,-0.86205,0.00000
557140.00000,7133420.00000,426.88630,-0.98937,0.00000
557160.00000,7133420.00000,426.97050,-1.11292,0.00000
557180.00000,7133420.00000,427.01180,-1.21995,0.00000
557200.00000,7133420.00000,427.01180,-1.30268,0.00000
557220.00000,7133420.00000,427.01260,-1.36064,0.00000
557240.00000,7133420.00000,427.00460,-1.39278,0.00000
557260.00000,7133420.00000,427.00740,-1.39251,0.00000
557280.00000,7133420.00000,427.00740,-1.35408,0.00000
557300.00000,7133420.00000,427.00990,-1.27792,0.00000
557320.00000,7133420.00000,426.98740,-1.17203,0.00000
557340.00000,7133420.00000,426.93160,-1.05057,0.00000
557360.00000,7133420.00000,426.93160,-0.92897,0.00000
557380.00000,7133420.00000,426.89310,-0.81818,0.00000
557400.00000,7133420.00000,426.97310,-0.72181,0.00000
557420.00000,7133420.00000,427.28540,-0.63932,0.00000
557440.00000,7133420.00000,427.28540,-0.56791,0.00000
557460.00000,7133420.00000,427.85530,-0.50595,0.00000
557480.00000,7133420.00000,428.64350,-0.45135,0.00000
557500.00000,7133420.00000,429.56120,-0.40272,0.00000
557520.00000,7133420.00000,429.56120,-0.35805,0.00000
557540.00000,7133420.00000,430.53940,-0.31905,0.00000
557560.00000,7133420.00000,431.50840,-0.28421,0.00000
557580.00000,7133420.00000,432.38590,-0.25312,0.00000
557600.00000,7133420.00000,432.38590,-0.22480,0.00000
557000.00000,7133440.00000,430.00790,-0.36638,0.00000
557020.00000,7133440.00000,430.00790,-0.42573,0.00000
557040.00000,7133440.00000,428.41660,-0.49751,0.00000
557060.00000,7133440.00000,427.39210,-0.58530,0.00000
557080.00000,7133440.00000,426.90230,-0.69169,0.00000
557100.00000,7133440.00000,426.80960,-0.81750,0.00000
557120.00000,7133440.00000,426.80960,-0.95998,0.00000
557140.00000,7133440.00000,426.89580,-1.10953,0.00000
557160.00000,7133440.00000,426.97650,-1.25215,0.00000
557180.00000,7133440.00000,427.01400,-1.37400,0.00000
557200.00000,7133440.00000,427.01400,-1.46786,0.00000
557220.00000,7133440.00000,427.01160,-1.53396,0.00000
557240.00000,7133440.00000,427.00390,-1.57282,0.00000
557260.00000,7133440.00000,427.00590,-1.57897,0.00000
557280.00000,7133440.00000,427.00590,-1.54442,0.00000
557300.00000,7133440.00000,427.00880,-1.46658,0.00000
557320.00000,7133440.00000,426.98820,-1.35126,0.00000
557340.00000,7133440.00000,426.92960,-1.21186,0.00000
557360.00000,7133440.00000,426.92960,-1.06700,0.00000
557380.00000,7133440.00000,426.87930,-0.93402,0.00000
557400.00000,7133440.00000,426.93390,-0.81969,0.00000
557420.00000,7133440.00000,427.23700,-0.72326,0.00000
557440.00000,7133440.00000,427.23700,-0.64064,0.00000
557460.00000,7133440.00000,427.85790,-0.56905,0.00000
557480.00000,7133440.00000,428.72210,-0.50580,0.00000
557500.00000,7133440.00000,429.71990,-0.44922,0.00000
557520.00000,7133440.00000,429.71990,-0.39712,0.00000
557540.00000,7133440.00000,430.75800,-0.35160,0.00000
557560.00000,7133440.00000,431.77210,-0.31105,0.00000
557580.00000,7133440.00000,432.70280,-0.27512,0.00000
557600.00000,7133440.00000,432.70280,-0.24266,0.00000
557000.00000,7133460.00000,430.42740,-0.38263,0.00000
557020.00000,7133460.00000,430.42740,-0.44655,0.00000
557040.00000,7133460.00000,428.63960,-0.52473,0.00000
557060.00000,7133460.00000,427.49520,-0.62140,0.00000
557080.00000,7133460.00000,426.94070,-0.73990,0.00000
557100.00000,7133460.00000,426.81730,-0.88137,0.00000
557120.00000,7133460.00000,426.81730,-1.04197,0.00000
557140.00000,7133460.00000,426.89770,-1.20901,0.00000
557160.00000,7133460.00000,426.98120,-1.36555,0.00000
557180.00000,7133460.00000,427.01270,-1.49840,0.00000
557200.00000,7133460.00000,427.01270,-1.60135,0.00000
557220.00000,7133460.00000,427.01270,-1.67419,0.00000
557240.00000,7133460.00000,427.00390,-1.71842,0.00000
557260.00000,7133460.00000,427.00340,-1.73067,0.00000
557280.00000,7133460.00000,427.00340,-1.70264,0.00000
557300.00000,7133460.00000,427.00830,-1.62918,0.00000
557320.00000,7133460.00000,426.99130,-1.51361,0.00000
557340.00000,7133460.00000,426.93790,-1.36657,0.00000
557360.00000,7133460.00000,426.93790,-1.20658,0.00000
557380.00000,7133460.00000,426.86960,-1.05640,0.00000
557400.00000,7133460.00000,426.90120,-0.92705,0.00000
557420.00000,7133460.00000,427.18730,-0.81825,0.00000
557440.00000,7133460.00000,427.18730,-0.72498,0.00000
557460.00000,7133460.00000,427.84010,-0.64329,0.00000
557480.00000,7133460.00000,428.78010,-0.57017,0.00000
557500.00000,7133460.00000,429.88050,-0.50398,0.00000
557520.00000,7133460.00000,429.88050,-0.44265,0.00000
557540.00000,7133460.00000,431.00120,-0.38893,0.00000
557560.00000,7133460.00000,432.07370,-0.34127,0.00000
557580.00000,7133460.00000,433.05250,-0.29938,0.00000
557600.00000,7133460.00000,433.05250,-0.26195,0.00000
557000.00000,7133480.00000,430.42740,-0.39478,0.00000
557020.00000,7133480.00000,430.42740,-0.46208,0.00000
557040.00000,7133480.00000,428.63960,-0.54487,0.00000
557060.00000,7133480.00000,427.49520,-0.64774,0.00000
557080.00000,7133480.00000,426.94070,-0.77444,0.00000
557100.00000,7133480.00000,426.81730,-0.92631,0.00000
557120.00000,7133480.00000,426.81730,-1.09901,0.00000
557140.00000,7133480.00000,426.89770,-1.27823,0.00000
557160.00000,7133480.00000,426.98120,-1.44555,0.00000
557180.00000,7133480.00000,427.01270,-1.58781,0.00000
557200.00000,7133480.00000,427.01270,-1.69896,0.00000
557220.00000,7133480.00000,427.01270,-1.77818,0.00000
557240.00000,7133480.00000,427.00390,-1.82720,0.00000
557260.00000,7133480.00000,427.00340,-1.84462,0.00000
557280.00000,7133480.00000,427.00340,-1.82365,0.00000
557300.00000,7133480.00000,427.00830,-1.75790,0.00000
557320.00000,7133480.00000,426.99130,-1.64841,0.00000
557340.00000,7133480.00000,426.93790,-1.50353,0.00000
557360.00000,7133480.00000,426.93790,-1.34026,0.00000
557380.00000,7133480.00000,426.86960,-1.18304,0.00000
557400.00000,7133480.00000,426.90120,-1.04546,0.00000
557420.00000,7133480.00000,427.18730,-0.92817,0.00000
557440.00000,7133480.00000,427.18730,-0.82594,0.00000
557460.00000,7133480.00000,427.84010,-0.73382,0.00000
557480.00000,7133480.00000,428.78010,-0.64885,0.00000
557500.00000,7133480.00000,429.88050,-0.57015,0.00000
557520.00000,7133480.00000,429.88050,-0.49671,0.00000
557540.00000,7133480.00000,431.00120,-0.43208,0.00000
557560.00000,7133480.00000,432.07370,-0.37518,0.00000
557580.00000,7133480.00000,433.05250,-0.32577,0.00000
557600.00000,7133480.00000,433.05250,-0.28234,0.00000
557000.00000,7133500.00000,430.78390,-0.40250,0.00000
557020.00000,7133500.00000,430.78390,-0.47158,0.00000
557040.00000,7133500.00000,428.85640,-0.55664,0.00000
557060.00000,7133500.00000,427.60250,-0.66240,0.00000
557080.00000,7133500.00000,426.96420,-0.79269,0.00000
557100.00000,7133500.00000,426.80730,-0.94896,0.00000
557120.00000,7133500.00000,426.80730,-1.12717,0.00000
557140.00000,7133500.00000,426.87720,-1.31362,0.00000
557160.00000,7133500.00000,426.96870,-1.48953,0.00000
557180.00000,7133500.00000,427.01220,-1.64085,0.00000
557200.00000,7133500.00000,427.01220,-1.76060,0.00000
557220.00000,7133500.00000,427.01150,-1.84691,0.00000
557240.00000,7133500.00000,427.00330,-1.90118,0.00000
557260.00000,7133500.00000,427.00400,-1.92335,0.00000
557280.00000,7133500.00000,427.00400,-1.90937,0.00000
557300.00000,7133500.00000,427.00940,-1.85355,0.00000
557320.00000,7133500.00000,426.99540,-1.75541,0.00000
557340.00000,7133500.00000,426.94320,-1.62183,0.00000
557360.00000,7133500.00000,426.94320,-1.46791,0.00000
557380.00000,7133500.00000,426.87210,-1.31615,0.00000
557400.00000,7133500.00000,426.87720,-1.17982,0.00000
557420.00000,7133500.00000,427.15010,-1.06008,0.00000
557440.00000,7133500.00000,427.15010,-0.95207,0.00000
557460.00000,7133500.00000,427.79720,-0.84925,0.00000
557480.00000,7133500.00000,428.80380,-0.74915,0.00000
557500.00000,7133500.00000,430.01430,-0.65310,0.00000
557520.00000,7133500.00000,430.01430,-0.56286,0.00000
557540.00000,7133500.00000,431.24350,-0.48342,0.00000
557560.00000,7133500.00000,432.38970,-0.41438,0.00000
557580.00000,7133500.00000,433.42220,-0.35543,0.00000
557600.00000,7133500.00000,433.42220,-0.30461,0.00000
557000.00000,7133520.00000,430.97810,-0.40539,0.00000
557020.00000,7133520.00000,430.97810,-0.47473,0.00000
557040.00000,7133520.00000,429.00450,-0.55983,0.00000
557060.00000,7133520.00000,427.68250,-0.66527,0.00000
557080.00000,7133520.00000,426.98860,-0.79472,0.00000
557100.00000,7133520.00000,426.79380,-0.94977,0.00000
557120.00000,7133520.00000,426.79380,-1.12738,0.00000
557140.00000,7133520.00000,426.85480,-1.31626,0.00000
557160.00000,7133520.00000,426.94870,-1.49869,0.00000
557180.00000,7133520.00000,427.00590,-1.65893,0.00000
557200.00000,7133520.00000,427.00590,-1.78796,0.00000
557220.00000,7133520.00000,427.01130,-1.88262,0.00000
557240.00000,7133520.00000,427.00280,-1.94417,0.00000
557260.00000,7133520.00000,427.00550,-1.97296,0.00000
557280.00000,7133520.00000,427.00550,-1.96761,0.00000
557300.00000,7133520.00000,427.01100,-1.92476,0.00000
557320.00000,7133520.00000,426.99670,-1.84369,0.00000
557340.00000,7133520.00000,426.94230,-1.72980,0.00000
557360.00000,7133520.00000,426.94230,-1.59577,0.00000
557380.00000,7133520.00000,426.86880,-1.46113,0.00000
557400.00000,7133520.00000,426.85490,-1.33709,0.00000
557420.00000,7133520.00000,427.10130,-1.22374,0.00000
557440.00000,7133520.00000,427.10130,-1.11619,0.00000
557460.00000,7133520.00000,427.73890,-1.00345,0.00000
557480.00000,7133520.00000,428.78480,-0.88194,0.00000
557500.00000,7133520.00000,430.08500,-0.75930,0.00000
557520.00000,7133520.00000,430.08500,-0.64477,0.00000
557540.00000,7133520.00000,431.42660,-0.54460,0.00000
557560.00000,7133520.00000,432.68040,-0.45932,0.00000
557580.00000,7133520.00000,433.78680,-0.38807,0.00000
557600.00000,7133520.00000,433.78680,-0.32818,0.00000
557000.00000,7133540.00000,431.00160,-0.40352,0.00000
557020.00000,7133540.00000,431.00160,-0.47172,0.00000
557040.00000,7133540.00000,429.08670,-0.55490,0.00000
557060.00000,7133540.00000,427.73650,-0.65735,0.00000
557080.00000,7133540.00000,427.01240,-0.78246,0.00000
557100.00000,7133540.00000,426.79130,-0.93207,0.00000
557120.00000,7133540.00000,426.79130,-1.10451,0.00000
557140.00000,7133540.00000,426.84000,-1.29177,0.00000
557160.00000,7133540.00000,426.93690,-1.47802,0.00000
557180.00000,7133540.00000,426.99560,-1.64589,0.00000
557200.00000,7133540.00000,426.99560,-1.78370,0.00000
557220.00000,7133540.00000,427.00890,-1.88747,0.00000
557240.00000,7133540.00000,427.00450,-1.95860,0.00000
557260.00000,7133540.00000,427.00500,-1.99774,0.00000
557280.00000,7133540.00000,427.00500,-2.00529,0.00000
557300.00000,7133540.00000,427.01160,-1.98000,0.00000
557320.00000,7133540.00000,427.00320,-1.92078,0.00000
557340.00000,7133540.00000,426.94940,-1.83180,0.00000
557360.00000,7133540.00000,426.94940,-1.72452,0.00000
557380.00000,7133540.00000,426.86650,-1.61695,0.00000
557400.00000,7133540.00000,426.84500,-1.51741,0.00000
557420.00000,7133540.00000,427.06110,-1.42272,0.00000
557440.00000,7133540.00000,427.06110,-1.32811,0.00000
557460.00000,7133540.00000,427.67830,-1.21176,0.00000
557480.00000,7133540.00000,428.74550,-1.05967,0.00000
557500.00000,7133540.00000,430.10430,-0.89527,0.00000
557520.00000,7133540.00000,430.10430,-0.74627,0.00000
557540.00000,7133540.00000,431.55370,-0.61771,0.00000
557560.00000,7133540.00000,432.91620,-0.51066,0.00000
557580.00000,7133540.00000,434.12480,-0.42351,0.00000
557600.00000,7133540.00000,434.12480,-0.35251,0.00000
557000.00000,7133560.00000,430.91440,-0.39724,0.00000
557020.00000,7133560.00000,430.91440,-0.46310,0.00000
557040.00000,7133560.00000,429.09960,-0.54278,0.00000
557060.00000,7133560.00000,427.79620,-0.64022,0.00000
557080.00000,7133560.00000,427.05940,-0.75861,0.00000
557100.00000,7133560.00000,426.80660,-0.90014,0.00000
557120.00000,7133560.00000,426.80660,-1.06465,0.00000
557140.00000,7133560.00000,426.83990,-1.24729,0.00000
557160.00000,7133560.00000,426.93500,-1.43417,0.00000
557180.00000,7133560.00000,426.99200,-1.60663,0.00000
557200.00000,7133560.00000,426.99200,-1.75107,0.00000
557220.00000,7133560.00000,427.00750,-1.86334,0.00000
557240.00000,7133560.00000,427.00520,-1.94500,0.00000
557260.00000,7133560.00000,427.00610,-1.99699,0.00000
557280.00000,7133560.00000,427.00610,-2.02105,0.00000
557300.00000,7133560.00000,427.01200,-2.01699,0.00000
557320.00000,7133560.00000,426.99980,-1.98241,0.00000
557340.00000,7133560.00000,426.94850,-1.91989,0.00000
557360.00000,7133560.00000,426.94850,-1.84132,0.00000
557380.00000,7133560.00000,426.86960,-1.76577,0.00000
557400.00000,7133560.00000,426.83730,-1.69943,0.00000
557420.00000,7133560.00000,427.03680,-1.63466,0.00000
557440.00000,7133560.00000,427.03680,-1.56862,0.00000
557460.00000,7133560.00000,427.64760,-1.46498,0.00000
557480.00000,7133560.00000,428.70600,-1.28159,0.00000
557500.00000,7133560.00000,430.09120,-1.06062,0.00000
557520.00000,7133560.00000,430.09120,-0.86937,0.00000
557540.00000,7133560.00000,431.61300,-0.70462,0.00000
557560.00000,7133560.00000,433.08970,-0.56856,0.00000
557580.00000,7133560.00000,434.42190,-0.46074,0.00000
557600.00000,7133560.00000,434.42190,-0.37647,0.00000
557000.00000,7133580.00000,430.91440,-0.38711,0.00000
557020.00000,7133580.00000,430.91440,-0.44964,0.00000
557040.00000,7133580.00000,429.09960,-0.52461,0.00000
557060.00000,7133580.00000,427.79620,-0.61566,0.00000
557080.00000,7133580.00000,427.05940,-0.72574,0.00000
557100.00000,7133580.00000,426.80660,-0.85733,0.00000
557120.00000,7133580.00000,426.80660,-1.01167,0.00000
557140.00000,7133580.00000,426.83990,-1.18648,0.00000
557160.00000,7133580.00000,426.93500,-1.37005,0.00000
557180.00000,7133580.00000,426.99200,-1.54326,0.00000
557200.00000,7133580.00000,426.99200,-1.69164,0.00000
557220.00000,7133580.00000,427.00750,-1.81092,0.00000
557240.00000,7133580.00000,427.00520,-1.90245,0.00000
557260.00000,7133580.00000,427.00610,-1.96751,0.00000
557280.00000,7133580.00000,427.00610,-2.00846,0.00000
557300.00000,7133580.00000,427.01200,-2.02544,0.00000
557320.00000,7133580.00000,426.99980,-2.01492,0.00000
557340.00000,7133580.00000,426.94850,-1.97812,0.00000
557360.00000,7133580.00000,426.94850,-1.92685,0.00000
557380.00000,7133580.00000,426.86960,-1.88182,0.00000
557400.00000,7133580.00000,426.83730,-1.84913,0.00000
557420.00000,7133580.00000,427.03680,-1.82105,0.00000
557440.00000,7133580.00000,427.03680,-1.79228,0.00000
557460.00000,7133580.00000,427.64760,-1.70101,0.00000
557480.00000,7133580.00000,428.70600,-1.49899,0.00000
557500.00000,7133580.00000,430.09120,-1.23457,0.00000
557520.00000,7133580.00000,430.09120,-1.00714,0.00000
557540.00000,7133580.00000,431.61300,-0.80266,0.00000
557560.00000,7133580.00000,433.08970,-0.62986,0.00000
557580.00000,7133580.00000,434.42190,-0.49639,0.00000
557600.00000,7133580.00000,434.42190,-0.39752,0.00000
557000.00000,7133600.00000,430.80190,-0.37368,0.00000
557020.00000,7133600.00000,430.80190,-0.43219,0.00000
557040.00000,7133600.00000,429.09730,-0.50162,0.00000
557060.00000,7133600.00000,427.83800,-0.58528,0.00000
557080.00000,7133600.00000,427.09280,-0.68583,0.00000
557100.00000,7133600.00000,426.82410,-0.80578,0.00000
557120.00000,7133600.00000,426.82410,-0.94699,0.00000
557140.00000,7133600.00000,426.83800,-1.10906,0.00000
557160.00000,7133600.00000,426.93510,-1.28309,0.00000
557180.00000,7133600.00000,426.99320,-1.45227,0.00000
557200.00000,7133600.00000,426.99320,-1.60246,0.00000
557220.00000,7133600.00000,427.00750,-1.72794,0.00000
557240.00000,7133600.00000,427.00430,-1.82894,0.00000
557260.00000,7133600.00000,427.00490,-1.90661,0.00000
557280.00000,7133600.00000,427.00490,-1.96296,0.00000
557300.00000,7133600.00000,427.01360,-1.99806,0.00000
557320.00000,7133600.00000,427.00590,-2.00863,0.00000
557340.00000,7133600.00000,426.94680,-1.99540,0.00000
557360.00000,7133600.00000,426.94680,-1.96870,0.00000
557380.00000,7133600.00000,426.86210,-1.94869,0.00000
557400.00000,7133600.00000,426.82920,-1.94282,0.00000
557420.00000,7133600.00000,427.02640,-1.94845,0.00000
557440.00000,7133600.00000,427.02640,-1.94077,0.00000
557460.00000,7133600.00000,427.63560,-1.83305,0.00000
557480.00000,7133600.00000,428.68170,-1.62889,0.00000
557500.00000,7133600.00000,430.09310,-1.35936,0.00000
557520.00000,7133600.00000,430.09310,-1.11832,0.00000
557540.00000,7133600.00000,431.66130,-0.88531,0.00000
557560.00000,7133600.00000,433.21710,-0.68011,0.00000
557580.00000,7133600.00000,434.67100,-0.52370,0.00000
557600.00000,7133600.00000,434.67100,-0.41283,0.00000
557000.00000,7133620.00000,430.72350,-0.35767,0.00000
557020.00000,7133620.00000,430.72350,-0.41167,0.00000
557040.00000,7133620.00000,429.11630,-0.47504,0.00000
557060.00000,7133620.00000,427.89480,-0.55071,0.00000
557080.00000,7133620.00000,427.14010,-0.64090,0.00000
557100.00000,7133620.00000,426.84040,-0.74781,0.00000
557120.00000,7133620.00000,426.84040,-0.87311,0.00000
557140.00000,7133620.00000,426.83800,-1.01707,0.00000
557160.00000,7133620.00000,426.93770,-1.17402,0.00000
557180.00000,7133620.00000,426.99530,-1.33268,0.00000
557200.00000,7133620.00000,426.99530,-1.48148,0.00000
557220.00000,7133620.00000,427.01010,-1.61265,0.00000
557240.00000,7133620.00000,427.00490,-1.72378,0.00000
557260.00000,7133620.00000,427.00670,-1.81426,0.00000
557280.00000,7133620.00000,427.00670,-1.88489,0.00000
557300.00000,7133620.00000,427.01410,-1.93523,0.00000
557320.00000,7133620.00000,427.00780,-1.96272,0.00000
557340.00000,7133620.00000,426.95300,-1.96861,0.00000
557360.00000,7133620.00000,426.95300,-1.96194,0.00000
557380.00000,7133620.00000,426.86380,-1.95861,0.00000
557400.00000,7133620.00000,426.82470,-1.96212,0.00000
557420.00000,7133620.00000,427.02670,-1.97388,0.00000
557440.00000,7133620.00000,427.02670,-1.96118,0.00000
557460.00000,7133620.00000,427.62900,-1.83842,0.00000
557480.00000,7133620.00000,428.69540,-1.63051,0.00000
557500.00000,7133620.00000,430.12010,-1.37887,0.00000
557520.00000,7133620.00000,430.12010,-1.14873,0.00000
557540.00000,7133620.00000,431.71940,-0.91151,0.00000
557560.00000,7133620.00000,433.34430,-0.69711,0.00000
557580.00000,7133620.00000,434.89470,-0.53369,0.00000
557600.00000,7133620.00000,434.89470,-0.41865,0.00000
557000.00000,7133640.00000,430.71510,-0.33978,0.00000
557020.00000,7133640.00000,430.71510,-0.38900,0.00000
557040.00000,7133640.00000,429.19090,-0.44608,0.00000
557060.00000,7133640.00000,427.97700,-0.51352,0.00000
557080.00000,7133640.00000,427.19650,-0.59308,0.00000
557100.00000,7133640.00000,426.85780,-0.68642,0.00000
557120.00000,7133640.00000,426.85780,-0.79470,0.00000
557140.00000,7133640.00000,426.83850,-0.91822,0.00000
557160.00000,7133640.00000,426.93400,-1.05398,0.00000
557180.00000,7133640.00000,426.99600,-1.19615,0.00000
557200.00000,7133640.00000,426.99600,-1.33761,0.00000
557220.00000,7133640.00000,427.01370,-1.47112,0.00000
557240.00000,7133640.00000,427.00680,-1.59125,0.00000
557260.00000,7133640.00000,427.00600,-1.69375,0.00000
557280.00000,7133640.00000,427.00600,-1.77724,0.00000
557300.00000,7133640.00000,427.01510,-1.83983,0.00000
557320.00000,7133640.00000,427.00940,-1.87909,0.00000
557340.00000,7133640.00000,426.94620,-1.89836,0.00000
557360.00000,7133640.00000,426.94620,-1.90621,0.00000
557380.00000,7133640.00000,426.85040,-1.91329,0.00000
557400.00000,7133640.00000,426.81480,-1.91341,0.00000
557420.00000,7133640.00000,427.01700,-1.90061,0.00000
557440.00000,7133640.00000,427.01700,-1.85472,0.00000
557460.00000,7133640.00000,427.64830,-1.72684,0.00000
557480.00000,7133640.00000,428.73380,-1.53614,0.00000
557500.00000,7133640.00000,430.19650,-1.31608,0.00000
557520.00000,7133640.00000,430.19650,-1.10271,0.00000
557540.00000,7133640.00000,431.84100,-0.87838,0.00000
557560.00000,7133640.00000,433.51130,-0.67801,0.00000
557580.00000,7133640.00000,435.14130,-0.52485,0.00000
557600.00000,7133640.00000,435.14130,-0.41424,0.00000
557000.00000,7133660.00000,430.76600,-0.32066,0.00000
557020.00000,7133660.00000,430.76600,-0.36505,0.00000
557040.00000,7133660.00000,429.32180,-0.41587,0.00000
557060.00000,7133660.00000,428.11860,-0.47522,0.00000
557080.00000,7133660.00000,427.29230,-0.54442,0.00000
557100.00000,7133660.00000,426.89260,-0.62466,0.00000
557120.00000,7133660.00000,426.89260,-0.71666,0.00000
557140.00000,7133660.00000,426.83290,-0.82071,0.00000
557160.00000,7133660.00000,426.91770,-0.93554,0.00000
557180.00000,7133660.00000,426.98930,-1.05885,0.00000
557200.00000,7133660.00000,426.98930,-1.18767,0.00000
557220.00000,7133660.00000,427.01100,-1.31721,0.00000
557240.00000,7133660.00000,427.00760,-1.44082,0.00000
557260.00000,7133660.00000,427.00660,-1.55075,0.00000
557280.00000,7133660.00000,427.00660,-1.64259,0.00000
557300.00000,7133660.00000,427.01930,-1.71263,0.00000
557320.00000,7133660.00000,427.01370,-1.75854,0.00000
557340.00000,7133660.00000,426.95490,-1.78576,0.00000
557360.00000,7133660.00000,426.95490,-1.80344,0.00000
557380.00000,7133660.00000,426.84320,-1.81845,0.00000
557400.00000,7133660.00000,426.79660,-1.81680,0.00000
557420.00000,7133660.00000,427.01150,-1.78295,0.00000
557440.00000,7133660.00000,427.01150,-1.71372,0.00000
557460.00000,7133660.00000,427.65730,-1.59173,0.00000
557480.00000,7133660.00000,428.79240,-1.42587,0.00000
557500.00000,7133660.00000,430.31700,-1.23008,0.00000
557520.00000,7133660.00000,430.31700,-1.02860,0.00000
557540.00000,7133660.00000,432.03400,-0.81901,0.00000
557560.00000,7133660.00000,433.77570,-0.64022,0.00000
557580.00000,7133660.00000,435.47550,-0.50357,0.00000
557600.00000,7133660.00000,435.47550,-0.40174,0.00000
557000.00000,7133680.00000,430.76600,-0.30083,0.00000
557020.00000,7133680.00000,430.76600,-0.34050,0.00000
557040.00000,7133680.00000,429.32180,-0.38529,0.00000
557060.00000,7133680.00000,428.11860,-0.43701,0.00000
557080.00000,7133680.00000,427.29230,-0.49660,0.00000
557100.00000,7133680.00000,426.89260,-0.56489,0.00000
557120.00000,7133680.00000,426.89260,-0.64237,0.00000
557140.00000,7133680.00000,426.83290,-0.72925,0.00000
557160.00000,7133680.00000,426.91770,-0.82535,0.00000
557180.00000,7133680.00000,426.98930,-0.93032,0.00000
557200.00000,7133680.00000,426.98930,-1.04372,0.00000
557220.00000,7133680.00000,427.01100,-1.16332,0.00000
557240.00000,7133680.00000,427.00760,-1.28315,0.00000
557260.00000,7133680.00000,427.00660,-1.39349,0.00000
557280.00000,7133680.00000,427.00660,-1.48673,0.00000
557300.00000,7133680.00000,427.01930,-1.55774,0.00000
557320.00000,7133680.00000,427.01370,-1.60504,0.00000
557340.00000,7133680.00000,426.95490,-1.63597,0.00000
557360.00000,7133680.00000,426.95490,-1.66047,0.00000
557380.00000,7133680.00000,426.84320,-1.68318,0.00000
557400.00000,7133680.00000,426.79660,-1.68829,0.00000
557420.00000,7133680.00000,427.01150,-1.65603,0.00000
557440.00000,7133680.00000,427.01150,-1.58774,0.00000
557460.00000,7133680.00000,427.65730,-1.47542,0.00000
557480.00000,7133680.00000,428.79240,-1.32810,0.00000
557500.00000,7133680.00000,430.31700,-1.15357,0.00000
557520.00000,7133680.00000,430.31700,-0.96398,0.00000
557540.00000,7133680.00000,432.03400,-0.76248,0.00000
557560.00000,7133680.00000,433.77570,-0.59857,0.00000
557580.00000,7133680.00000,435.47550,-0.47594,0.00000
557600.00000,7133680.00000,435.47550,-0.38340,0.00000
557000.00000,7133700.00000,430.86160,-0.28089,0.00000
557020.00000,7133700.00000,430.86160,-0.31606,0.00000
557040.00000,7133700.00000,429.45480,-0.35524,0.00000
557060.00000,7133700.00000,428.28020,-0.39996,0.00000
557080.00000,7133700.00000,427.42800,-0.45089,0.00000
557100.00000,7133700.00000,426.96950,-0.50860,0.00000
557120.00000,7133700.00000,426.96950,-0.57349,0.00000
557140.00000,7133700.00000,426.84960,-0.64570,0.00000
557160.00000,7133700.00000,426.91330,-0.72561,0.00000
557180.00000,7133700.00000,426.98140,-0.81372,0.00000
557200.00000,7133700.00000,426.98140,-0.91086,0.00000
557220.00000,7133700.00000,427.00830,-1.01666,0.00000
557240.00000,7133700.00000,427.00700,-1.12686,0.00000
557260.00000,7133700.00000,427.01170,-1.23159,0.00000
557280.00000,7133700.00000,427.01170,-1.32040,0.00000
557300.00000,7133700.00000,427.02090,-1.38660,0.00000
557320.00000,7133700.00000,427.01610,-1.43016,0.00000
557340.00000,7133700.00000,426.96230,-1.46069,0.00000
557360.00000,7133700.00000,426.96230,-1.48958,0.00000
557380.00000,7133700.00000,426.84000,-1.52018,0.00000
557400.00000,7133700.00000,426.77630,-1.53687,0.00000
557420.00000,7133700.00000,426.99150,-1.51708,0.00000
557440.00000,7133700.00000,426.99150,-1.46089,0.00000
557460.00000,7133700.00000,427.67300,-1.36337,0.00000
557480.00000,7133700.00000,428.86200,-1.23480,0.00000
557500.00000,7133700.00000,430.46290,-1.07873,0.00000
557520.00000,7133700.00000,430.46290,-0.90038,0.00000
557540.00000,7133700.00000,432.27290,-0.70707,0.00000
557560.00000,7133700.00000,434.13880,-0.55561,0.00000
557580.00000,7133700.00000,435.95870,-0.44534,0.00000
557600.00000,7133700.00000,435.95870,-0.36202,0.00000
557000.00000,7133720.00000,430.96660,-0.26119,0.00000
557020.00000,7133720.00000,430.96660,-0.29218,0.00000
557040.00000,7133720.00000,429.57760,-0.32623,0.00000
557060.00000,7133720.00000,428.41050,-0.36467,0.00000
557080.00000,7133720.00000,427.54660,-0.40797,0.00000
557100.00000,7133720.00000,427.05090,-0.45653,0.00000
557120.00000,7133720.00000,427.05090,-0.51070,0.00000
557140.00000,7133720.00000,426.88030,-0.57046,0.00000
557160.00000,7133720.00000,426.90980,-0.63645,0.00000
557180.00000,7133720.00000,426.97450,-0.70938,0.00000
557200.00000,7133720.00000,426.97450,-0.79049,0.00000
557220.00000,7133720.00000,427.00960,-0.88055,0.00000
557240.00000,7133720.00000,427.00930,-0.97736,0.00000
557260.00000,7133720.00000,427.01260,-1.07245,0.00000
557280.00000,7133720.00000,427.01260,-1.15340,0.00000
557300.00000,7133720.00000,427.02340,-1.21170,0.00000
557320.00000,7133720.00000,427.01660,-1.24840,0.00000
557340.00000,7133720.00000,426.94770,-1.27514,0.00000
557360.00000,7133720.00000,426.94770,-1.30529,0.00000
557380.00000,7133720.00000,426.81480,-1.34223,0.00000
557400.00000,7133720.00000,426.75660,-1.36908,0.00000
557420.00000,7133720.00000,427.00270,-1.36288,0.00000
557440.00000,7133720.00000,427.00270,-1.32495,0.00000
557460.00000,7133720.00000,427.72490,-1.24842,0.00000
557480.00000,7133720.00000,428.97810,-1.13663,0.00000
557500.00000,7133720.00000,430.64200,-0.98947,0.00000
557520.00000,7133720.00000,430.64200,-0.81982,0.00000
557540.00000,7133720.00000,432.55710,-0.64287,0.00000
557560.00000,7133720.00000,434.56450,-0.50846,0.00000
557580.00000,7133720.00000,436.53820,-0.41171,0.00000
557600.00000,7133720.00000,436.53820,-0.33802,0.00000
557000.00000,7133740.00000,431.10820,-0.24206,0.00000
557020.00000,7133740.00000,431.10820,-0.26924,0.00000
557040.00000,7133740.00000,429.70590,-0.29867,0.00000
557060.00000,7133740.00000,428.51660,-0.33155,0.00000
557080.00000,7133740.00000,427.62170,-0.36821,0.00000
557100.00000,7133740.00000,427.09870,-0.40893,0.00000
557120.00000,7133740.00000,427.09870,-0.45403,0.00000
557140.00000,7133740.00000,426.90560,-0.50330,0.00000
557160.00000,7133740.00000,426.90640,-0.55737,0.00000
557180.00000,7133740.00000,426.96920,-0.61688,0.00000
557200.00000,7133740.00000,426.96920,-0.68289,0.00000
557220.00000,7133740.00000,427.00730,-0.75652,0.00000
557240.00000,7133740.00000,427.01320,-0.83696,0.00000
557260.00000,7133740.00000,427.01420,-0.91780,0.00000
557280.00000,7133740.00000,427.01420,-0.98707,0.00000
557300.00000,7133740.00000,427.02140,-1.03621,0.00000
557320.00000,7133740.00000,427.00580,-1.06639,0.00000
557340.00000,7133740.00000,426.91970,-1.08858,0.00000
557360.00000,7133740.00000,426.91970,-1.11669,0.00000
557380.00000,7133740.00000,426.78010,-1.15495,0.00000
557400.00000,7133740.00000,426.72120,-1.18664,0.00000
557420.00000,7133740.00000,426.99980,-1.19124,0.00000
557440.00000,7133740.00000,426.99980,-1.17590,0.00000
557460.00000,7133740.00000,427.78510,-1.12784,0.00000
557480.00000,7133740.00000,429.12970,-1.02016,0.00000
557500.00000,7133740.00000,430.88620,-0.87171,0.00000
557520.00000,7133740.00000,430.88620,-0.71522,0.00000
557540.00000,7133740.00000,432.89710,-0.56734,0.00000
557560.00000,7133740.00000,435.02880,-0.45658,0.00000
557580.00000,7133740.00000,437.16190,-0.37550,0.00000
557600.00000,7133740.00000,437.16190,-0.31213,0.00000
557000.00000,7133760.00000,431.22770,-0.22371,0.00000
557020.00000,7133760.00000,431.22770,-0.24745,0.00000
557040.00000,7133760.00000,429.81700,-0.27278,0.00000
557060.00000,7133760.00000,428.60480,-0.30081,0.00000
557080.00000,7133760.00000,427.67630,-0.33175,0.00000
557100.00000,7133760.00000,427.12360,-0.36581,0.00000
557120.00000,7133760.00000,427.12360,-0.40327,0.00000
557140.00000,7133760.00000,426.90540,-0.44371,0.00000
557160.00000,7133760.00000,426.90530,-0.48772,0.00000
557180.00000,7133760.00000,426.96240,-0.53564,0.00000
557200.00000,7133760.00000,426.96240,-0.58808,0.00000
557220.00000,7133760.00000,427.00280,-0.64578,0.00000
557240.00000,7133760.00000,427.01700,-0.70812,0.00000
557260.00000,7133760.00000,427.02250,-0.77065,0.00000
557280.00000,7133760.00000,427.02250,-0.82480,0.00000
557300.00000,7133760.00000,427.02180,-0.86433,0.00000
557320.00000,7133760.00000,426.99770,-0.88996,0.00000
557340.00000,7133760.00000,426.90940,-0.90936,0.00000
557360.00000,7133760.00000,426.90940,-0.93288,0.00000
557380.00000,7133760.00000,426.75440,-0.96401,0.00000
557400.00000,7133760.00000,426.68670,-0.99080,0.00000
557420.00000,7133760.00000,426.98480,-0.99709,0.00000
557440.00000,7133760.00000,426.98480,-0.98919,0.00000
557460.00000,7133760.00000,427.86770,-0.95683,0.00000
557480.00000,7133760.00000,429.32290,-0.85696,0.00000
557500.00000,7133760.00000,431.19660,-0.72585,0.00000
557520.00000,7133760.00000,431.19660,-0.59901,0.00000
557540.00000,7133760.00000,433.32020,-0.48825,0.00000
557560.00000,7133760.00000,435.58090,-0.40331,0.00000
557580.00000,7133760.00000,437.83900,-0.33840,0.00000
557600.00000,7133760.00000,437.83900,-0.28545,0.00000
557000.00000,7133780.00000,431.22770,-0.20623,0.00000
557020.00000,7133780.00000,431.22770,-0.22690,0.00000
557040.00000,7133780.00000,429.81700,-0.24864,0.00000
557060.00000,7133780.00000,428.60480,-0.27248,0.00000
557080.00000,7133780.00000,427.67630,-0.29855,0.00000
557100.00000,7133780.00000,427.12360,-0.32700,0.00000
557120.00000,7133780.00000,427.12360,-0.35805,0.00000
557140.00000,7133780.00000,426.90540,-0.39117,0.00000
557160.00000,7133780.00000,426.90530,-0.42680,0.00000
557180.00000,7133780.00000,426.96240,-0.46501,0.00000
557200.00000,7133780.00000,426.96240,-0.50595,0.00000
557220.00000,7133780.00000,427.00280,-0.54979,0.00000
557240.00000,7133780.00000,427.01700,-0.59569,0.00000
557260.00000,7133780.00000,427.02250,-0.64080,0.00000
557280.00000,7133780.00000,427.02250,-0.68042,0.00000
557300.00000,7133780.00000,427.02180,-0.71105,0.00000
557320.00000,7133780.00000,426.99770,-0.73295,0.00000
557340.00000,7133780.00000,426.90940,-0.75009,0.00000
557360.00000,7133780.00000,426.90940,-0.76765,0.00000
557380.00000,7133780.00000,426.75440,-0.78670,0.00000
557400.00000,7133780.00000,426.68670,-0.80038,0.00000
557420.00000,7133780.00000,426.98480,-0.79784,0.00000
557440.00000,7133780.00000,426.98480,-0.77768,0.00000
557460.00000,7133780.00000,427.86770,-0.73676,0.00000
557480.00000,7133780.00000,429.32290,-0.66711,0.00000
557500.00000,7133780.00000,431.19660,-0.57997,0.00000
557520.00000,7133780.00000,431.19660,-0.49178,0.00000
557540.00000,7133780.00000,433.32020,-0.41485,0.00000
557560.00000,7133780.00000,435.58090,-0.35222,0.00000
557580.00000,7133780.00000,437.83900,-0.30171,0.00000
557600.00000,7133780.00000,437.83900,-0.25840,0.00000
557000.00000,7133800.00000,431.30360,-0.18984,0.00000
557020.00000,7133800.00000,431.30360,-0.20779,0.00000
557040.00000,7133800.00000,429.92260,-0.22643,0.00000
557060.00000,7133800.00000,428.69690,-0.24665,0.00000
557080.00000,7133800.00000,427.72190,-0.26856,0.00000
557100.00000,7133800.00000,427.13100,-0.29228,0.00000
557120.00000,7133800.00000,427.13100,-0.31799,0.00000
557140.00000,7133800.00000,426.89560,-0.34504,0.00000
557160.00000,7133800.00000,426.88980,-0.37381,0.00000
557180.00000,7133800.00000,426.95130,-0.40415,0.00000
557200.00000,7133800.00000,426.95130,-0.43590,0.00000
557220.00000,7133800.00000,427.00030,-0.46892,0.00000
557240.00000,7133800.00000,427.01870,-0.50234,0.00000
557260.00000,7133800.00000,427.02510,-0.53452,0.00000
557280.00000,7133800.00000,427.02510,-0.56314,0.00000
557300.00000,7133800.00000,427.01920,-0.58649,0.00000
557320.00000,7133800.00000,426.97470,-0.60448,0.00000
557340.00000,7133800.00000,426.87020,-0.61859,0.00000
557360.00000,7133800.00000,426.87020,-0.63051,0.00000
557380.00000,7133800.00000,426.71760,-0.63952,0.00000
557400.00000,7133800.00000,426.67740,-0.64156,0.00000
557420.00000,7133800.00000,427.01240,-0.63100,0.00000
557440.00000,7133800.00000,427.01240,-0.60587,0.00000
557460.00000,7133800.00000,427.96740,-0.56821,0.00000
557480.00000,7133800.00000,429.52390,-0.51968,0.00000
557500.00000,7133800.00000,431.54390,-0.46403,0.00000
557520.00000,7133800.00000,431.54390,-0.40502,0.00000
557540.00000,7133800.00000,433.82410,-0.35269,0.00000
557560.00000,7133800.00000,436.20990,-0.30723,0.00000
557580.00000,7133800.00000,438.55900,-0.26851,0.00000
557600.00000,7133800.00000,438.55900,-0.23350,0.00000
557000.00000,7133820.00000,431.32850,-0.17450,0.00000
557020.00000,7133820.00000,431.32850,-0.19008,0.00000
557040.00000,7133820.00000,429.97370,-0.20603,0.00000
557060.00000,7133820.00000,428.77700,-0.22319,0.00000
557080.00000,7133820.00000,427.79360,-0.24160,0.00000
557100.00000,7133820.00000,427.15920,-0.26134,0.00000
557120.00000,7133820.00000,427.15920,-0.28263,0.00000
557140.00000,7133820.00000,426.89050,-0.30472,0.00000
557160.00000,7133820.00000,426.87570,-0.32793,0.00000
557180.00000,7133820.00000,426.94050,-0.35203,0.00000
557200.00000,7133820.00000,426.94050,-0.37671,0.00000
557220.00000,7133820.00000,426.99780,-0.40176,0.00000
557240.00000,7133820.00000,427.01920,-0.42647,0.00000
557260.00000,7133820.00000,427.02640,-0.44989,0.00000
557280.00000,7133820.00000,427.02640,-0.47091,0.00000
557300.00000,7133820.00000,427.01360,-0.48864,0.00000
557320.00000,7133820.00000,426.96160,-0.50280,0.00000
557340.00000,7133820.00000,426.84440,-0.51359,0.00000
557360.00000,7133820.00000,426.84440,-0.52116,0.00000
557380.00000,7133820.00000,426.70390,-0.52410,0.00000
557400.00000,7133820.00000,426.70240,-0.51995,0.00000
557420.00000,7133820.00000,427.09700,-0.50635,0.00000
557440.00000,7133820.00000,427.09700,-0.48266,0.00000
557460.00000,7133820.00000,428.08480,-0.45237,0.00000
557480.00000,7133820.00000,429.74930,-0.41745,0.00000
557500.00000,7133820.00000,431.89670,-0.37967,0.00000
557520.00000,7133820.00000,431.89670,-0.33837,0.00000
557540.00000,7133820.00000,434.32850,-0.30179,0.00000
557560.00000,7133820.00000,436.88020,-0.26851,0.00000
557580.00000,7133820.00000,439.34670,-0.23885,0.00000
557600.00000,7133820.00000,439.34670,-0.21061,0.00000
557000.00000,7133840.00000,431.37740,-0.16028,0.00000
557020.00000,7133840.00000,431.37740,-0.17377,0.00000
557040.00000,7133840.00000,430.00830,-0.18739,0.00000
557060.00000,7133840.00000,428.84290,-0.20195,0.00000
557080.00000,7133840.00000,427.86870,-0.21743,0.00000
557100.00000,7133840.00000,427.19460,-0.23386,0.00000
557120.00000,7133840.00000,427.19460,-0.25150,0.00000
557140.00000,7133840.00000,426.90130,-0.26955,0.00000
557160.00000,7133840.00000,426.86360,-0.28831,0.00000
557180.00000,7133840.00000,426.92920,-0.30752,0.00000
557200.00000,7133840.00000,426.92920,-0.32684,0.00000
557220.00000,7133840.00000,426.99510,-0.34609,0.00000
557240.00000,7133840.00000,427.01920,-0.36472,0.00000
557260.00000,7133840.00000,427.01920,-0.38218,0.00000
557280.00000,7133840.00000,427.01920,-0.39789,0.00000
557300.00000,7133840.00000,426.99910,-0.41131,0.00000
557320.00000,7133840.00000,426.92990,-0.42206,0.00000
557340.00000,7133840.00000,426.80650,-0.42986,0.00000
557360.00000,7133840.00000,426.80650,-0.43427,0.00000
557380.00000,7133840.00000,426.70220,-0.43389,0.00000
557400.00000,7133840.00000,426.77450,-0.42730,0.00000
557420.00000,7133840.00000,427.24190,-0.41387,0.00000
557440.00000,7133840.00000,427.24190,-0.39355,0.00000
557460.00000,7133840.00000,428.32930,-0.36997,0.00000
557480.00000,7133840.00000,430.02040,-0.34416,0.00000
557500.00000,7133840.00000,432.23480,-0.31715,0.00000
557520.00000,7133840.00000,432.23480,-0.28686,0.00000
557540.00000,7133840.00000,434.78870,-0.26040,0.00000
557560.00000,7133840.00000,437.49840,-0.23560,0.00000
557580.00000,7133840.00000,440.10680,-0.21273,0.00000
557600.00000,7133840.00000,440.10680,-0.18990,0.00000
557000.00000,7133860.00000,431.42260,-0.14715,0.00000
557020.00000,7133860.00000,431.42260,-0.15882,0.00000
557040.00000,7133860.00000,430.06550,-0.17045,0.00000
557060.00000,7133860.00000,428.90350,-0.18279,0.00000
557080.00000,7133860.00000,427.93960,-0.19580,0.00000
557100.00000,7133860.00000,427.26240,-0.20951,0.00000
557120.00000,7133860.00000,427.26240,-0.22415,0.00000
557140.00000,7133860.00000,426.92480,-0.23891,0.00000
557160.00000,7133860.00000,426.86670,-0.25411,0.00000
557180.00000,7133860.00000,426.92660,-0.26951,0.00000
557200.00000,7133860.00000,426.92660,-0.28476,0.00000
557220.00000,7133860.00000,426.99160,-0.29972,0.00000
557240.00000,7133860.00000,427.01790,-0.31400,0.00000
557260.00000,7133860.00000,427.01070,-0.32723,0.00000
557280.00000,7133860.00000,427.01070,-0.33908,0.00000
557300.00000,7133860.00000,426.97880,-0.34915,0.00000
557320.00000,7133860.00000,426.90130,-0.35707,0.00000
557340.00000,7133860.00000,426.80270,-0.36239,0.00000
557360.00000,7133860.00000,426.80270,-0.36455,0.00000
557380.00000,7133860.00000,426.73770,-0.36241,0.00000
557400.00000,7133860.00000,426.89150,-0.35536,0.00000
557420.00000,7133860.00000,427.46830,-0.34358,0.00000
557440.00000,7133860.00000,427.46830,-0.32692,0.00000
557460.00000,7133860.00000,428.63820,-0.30870,0.00000
557480.00000,7133860.00000,430.36570,-0.28928,0.00000
557500.00000,7133860.00000,432.58590,-0.26925,0.00000
557520.00000,7133860.00000,432.58590,-0.24628,0.00000
557540.00000,7133860.00000,435.17280,-0.22650,0.00000
557560.00000,7133860.00000,437.98190,-0.20765,0.00000
557580.00000,7133860.00000,440.72030,-0.18984,0.00000
557600.00000,7133860.00000,440.72030,-0.17126,0.00000
557000.00000,7133880.00000,431.42260,-0.13504,0.00000
557020.00000,7133880.00000,431.42260,-0.14514,0.00000
557040.00000,7133880.00000,430.06550,-0.15506,0.00000
557060.00000,7133880.00000,428.90350,-0.16551,0.00000
557080.00000,7133880.00000,427.93960,-0.17646,0.00000
557100.00000,7133880.00000,427.26240,-0.18791,0.00000
557120.00000,7133880.00000,427.26240,-0.20007,0.00000
557140.00000,7133880.00000,426.92480,-0.21219,0.00000
557160.00000,7133880.00000,426.86670,-0.22457,0.00000
557180.00000,7133880.00000,426.92660,-0.23698,0.00000
557200.00000,7133880.00000,426.92660,-0.24910,0.00000
557220.00000,7133880.00000,426.99160,-0.26084,0.00000
557240.00000,7133880.00000,427.01790,-0.27190,0.00000
557260.00000,7133880.00000,427.01070,-0.28202,0.00000
557280.00000,7133880.00000,427.01070,-0.29098,0.00000
557300.00000,7133880.00000,426.97880,-0.29845,0.00000
557320.00000,7133880.00000,426.90130,-0.30408,0.00000
557340.00000,7133880.00000,426.80270,-0.30745,0.00000
557360.00000,7133880.00000,426.80270,-0.30807,0.00000
557380.00000,7133880.00000,426.73770,-0.30512,0.00000
557400.00000,7133880.00000,426.89150,-0.29850,0.00000
557420.00000,7133880.00000,427.46830,-0.28864,0.00000
557440.00000,7133880.00000,427.46830,-0.27525,0.00000
557460.00000,7133880.00000,428.63820,-0.26112,0.00000
557480.00000,7133880.00000,430.36570,-0.24628,0.00000
557500.00000,7133880.00000,432.58590,-0.23110,0.00000
557520.00000,7133880.00000,432.58590,-0.21327,0.00000
557540.00000,7133880.00000,435.17280,-0.19815,0.00000
557560.00000,7133880.00000,437.98190,-0.18354,0.00000
557580.00000,7133880.00000,440.72030,-0.16947,0.00000
557600.00000,7133880.00000,440.72030,-0.15427,0.00000
557000.00000,7133900.00000,431.41630,-0.12392,0.00000
557020.00000,7133900.00000,431.41630,-0.13267,0.00000
557040.00000,7133900.00000,430.11480,-0.14116,0.00000
557060.00000,7133900.00000,428.97600,-0.15003,0.00000
557080.00000,7133900.00000,428.01590,-0.15925,0.00000
557100.00000,7133900.00000,427.32630,-0.16882,0.00000
557120.00000,7133900.00000,427.32630,-0.17896,0.00000
557140.00000,7133900.00000,426.96500,-0.18892,0.00000
557160.00000,7133900.00000,426.87540,-0.19902,0.00000
557180.00000,7133900.00000,426.92660,-0.20906,0.00000
557200.00000,7133900.00000,426.92660,-0.21875,0.00000
557220.00000,7133900.00000,426.98700,-0.22803,0.00000
557240.00000,7133900.00000,427.01340,-0.23665,0.00000
557260.00000,7133900.00000,427.00060,-0.24442,0.00000
557280.00000,7133900.00000,427.00060,-0.25117,0.00000
557300.00000,7133900.00000,426.95720,-0.25662,0.00000
557320.00000,7133900.00000,426.87720,-0.26049,0.00000
557340.00000,7133900.00000,426.80830,-0.26244,0.00000
557360.00000,7133900.00000,426.80830,-0.26210,0.00000
557380.00000,7133900.00000,426.80980,-0.25902,0.00000
557400.00000,7133900.00000,427.06670,-0.25331,0.00000
557420.00000,7133900.00000,427.76710,-0.24543,0.00000
557440.00000,7133900.00000,427.76710,-0.23476,0.00000
557460.00000,7133900.00000,429.00050,-0.22384,0.00000
557480.00000,7133900.00000,430.77180,-0.21241,0.00000
557500.00000,7133900.00000,432.95510,-0.20067,0.00000
557520.00000,7133900.00000,432.95510,-0.18658,0.00000
557540.00000,7133900.00000,435.48020,-0.17474,0.00000
557560.00000,7133900.00000,438.28080,-0.16323,0.00000
557580.00000,7133900.00000,441.07430,-0.15202,0.00000
557600.00000,7133900.00000,441.07430,-0.13947,0.00000
